#
# There is insufficient memory for the Java Runtime Environment to continue.
# Native memory allocation (mmap) failed to map 125829120 bytes for G1 virtual space
# Possible reasons:
#   The system is out of physical RAM or swap space
#   The process is running with CompressedOops enabled, and the Java Heap may be blocking the growth of the native heap
# Possible solutions:
#   Reduce memory load on the system
#   Increase physical memory or swap space
#   Check if swap backing store is full
#   Decrease Java heap size (-Xmx/-Xms)
#   Decrease number of Java threads
#   Decrease Java thread stack sizes (-Xss)
#   Set larger code cache with -XX:ReservedCodeCacheSize=
#   JVM is running with Unscaled Compressed Oops mode in which the Java heap is
#     placed in the first 4GB address space. The Java Heap base address is the
#     maximum limit for the native heap growth. Please use -XX:HeapBaseMinAddress
#     to set the Java Heap base and to place the Java Heap above 4GB virtual address.
# This output file may be truncated or incomplete.
#
#  Out of Memory Error (os_windows.cpp:3552), pid=25420, tid=39884
#
# JRE version: Java(TM) SE Runtime Environment (17.0.19+9) (build 17.0.19+9-LTS-183)
# Java VM: Java HotSpot(TM) 64-Bit Server VM (17.0.19+9-LTS-183, mixed mode, sharing, tiered, compressed oops, compressed class ptrs, g1 gc, windows-amd64)
# No core dump will be written. Minidumps are not enabled by default on client versions of Windows
#

---------------  S U M M A R Y ------------

Command Line: --add-opens=java.base/java.util=ALL-UNNAMED --add-opens=java.base/java.lang=ALL-UNNAMED --add-opens=java.base/java.lang.invoke=ALL-UNNAMED --add-opens=java.prefs/java.util.prefs=ALL-UNNAMED --add-opens=java.base/java.nio.charset=ALL-UNNAMED --add-opens=java.base/java.net=ALL-UNNAMED --add-opens=java.base/java.util.concurrent.atomic=ALL-UNNAMED -Xmx2048m -Dfile.encoding=UTF-8 -Duser.country=ID -Duser.language=en -Duser.variant -javaagent:C:\Users\User\.gradle\wrapper\dists\gradle-8.5-rc-4-bin\8qkil5tuyz2r7e6qlrrzsthoe\gradle-8.5-rc-4\lib\agents\gradle-instrumentation-agent-8.5.jar org.gradle.launcher.daemon.bootstrap.GradleDaemon 8.5-rc-4

Host: Intel(R) Pentium(R) Silver N5000 CPU @ 1.10GHz, 4 cores, 7G,  Windows 11 , 64 bit Build 22621 (10.0.22621.5124)
Time: Thu Jun  4 14:47:37 2026 SE Asia Standard Time elapsed time: 623.313127 seconds (0d 0h 10m 23s)

---------------  T H R E A D  ---------------

Current thread (0x00000178fedbb610):  VMThread "VM Thread" [stack: 0x0000001211c00000,0x0000001211d00000] [id=39884]

Stack: [0x0000001211c00000,0x0000001211d00000]
Native frames: (J=compiled Java code, j=interpreted, Vv=VM code, C=native code)
V  [jvm.dll+0x67ee4a]
V  [jvm.dll+0x7dedab]
V  [jvm.dll+0x7e06ee]
V  [jvm.dll+0x7e0d73]
V  [jvm.dll+0x247b9f]
V  [jvm.dll+0x67be49]
V  [jvm.dll+0x670bb2]
V  [jvm.dll+0x306ee0]
V  [jvm.dll+0x306d82]
V  [jvm.dll+0x30e516]
V  [jvm.dll+0x35e08e]
V  [jvm.dll+0x35e2bd]
V  [jvm.dll+0x2ddd78]
V  [jvm.dll+0x2dc1b9]
V  [jvm.dll+0x2db98c]
V  [jvm.dll+0x31e6bb]
V  [jvm.dll+0x7e557b]
V  [jvm.dll+0x7e62a4]
V  [jvm.dll+0x7e67ce]
V  [jvm.dll+0x7e6bc5]
V  [jvm.dll+0x7e6c9e]
V  [jvm.dll+0x78ff8a]
V  [jvm.dll+0x67dd25]
C  [ucrtbase.dll+0x29333]
C  [KERNEL32.DLL+0x1259d]
C  [ntdll.dll+0x5af38]

VM_Operation (0x0000001217af8620): G1CollectForAllocation, mode: safepoint, requested by thread 0x00000178d9f52600


---------------  P R O C E S S  ---------------

Threads class SMR info:
_java_thread_list=0x00000178d805c950, length=91, elements={
0x00000178f249eb40, 0x00000178fedc3040, 0x00000178fedc3bc0, 0x00000178fedd43e0,
0x00000178fedd6cb0, 0x00000178fedd7570, 0x00000178fedd7e30, 0x00000178fedd8a20,
0x00000178feddb330, 0x00000178fedf1900, 0x00000178fee4e9a0, 0x00000178ff0b1430,
0x00000178ff355ba0, 0x00000178d8d90270, 0x00000178d8a5eee0, 0x00000178d957b130,
0x00000178d8adfee0, 0x00000178d8ae03b0, 0x00000178d8ac9040, 0x00000178ffa37090,
0x00000178ffa366f0, 0x00000178ffa34540, 0x00000178ffa34070, 0x00000178ffa37a30,
0x00000178ffa37560, 0x00000178ffa35880, 0x00000178ffa34a10, 0x00000178ffa34ee0,
0x00000178ffa353b0, 0x00000178ffa36220, 0x00000178ffa36bc0, 0x00000178d9e9ddd0,
0x00000178d9e9ff80, 0x00000178d9e9ca90, 0x00000178d9e9cf60, 0x00000178d9e9fab0,
0x00000178d9e9f110, 0x00000178d9e9d430, 0x00000178d9e9f5e0, 0x00000178d9e9d900,
0x00000178d9ea2fa0, 0x00000178d9ea0450, 0x00000178d9e9e2a0, 0x00000178d9ea12c0,
0x00000178d9ea1c60, 0x00000178daef8840, 0x00000178daef4e80, 0x00000178daef7030,
0x00000178daef3670, 0x00000178daef6690, 0x00000178daef4010, 0x00000178daef5820,
0x00000178daef6b60, 0x00000178daef5350, 0x00000178daef5cf0, 0x00000178daef61c0,
0x00000178daef79d0, 0x00000178daef7ea0, 0x00000178daef8370, 0x00000178daefa520,
0x00000178dae28230, 0x00000178dae23ed0, 0x00000178dae29570, 0x00000178dae27890,
0x00000178dae24d40, 0x00000178dae27d60, 0x00000178dae23060, 0x00000178dae23530,
0x00000178dae26080, 0x00000178dae24870, 0x00000178daef9b80, 0x00000178daef2cd0,
0x00000178d9ea3e10, 0x00000178d9ea1790, 0x00000178daef91e0, 0x00000178ffa35d50,
0x00000178d9f52fa0, 0x00000178d9f50920, 0x00000178d9f4e2a0, 0x00000178d9f52ad0,
0x00000178d9f55620, 0x00000178d9f512c0, 0x00000178d9f51790, 0x00000178d9f4e770,
0x00000178d9f4f5e0, 0x00000178d9f53940, 0x00000178d9f4ec40, 0x00000178d9f4fab0,
0x00000178d9f50450, 0x00000178d9f51c60, 0x00000178d9f52600
}

Java Threads: ( => current thread )
  0x00000178f249eb40 JavaThread "main" [_thread_blocked, id=38776, stack(0x0000001211600000,0x0000001211700000)]
  0x00000178fedc3040 JavaThread "Reference Handler" daemon [_thread_blocked, id=41212, stack(0x0000001211d00000,0x0000001211e00000)]
  0x00000178fedc3bc0 JavaThread "Finalizer" daemon [_thread_blocked, id=45292, stack(0x0000001211e00000,0x0000001211f00000)]
  0x00000178fedd43e0 JavaThread "Signal Dispatcher" daemon [_thread_blocked, id=45212, stack(0x0000001211f00000,0x0000001212000000)]
  0x00000178fedd6cb0 JavaThread "Attach Listener" daemon [_thread_blocked, id=32148, stack(0x0000001212000000,0x0000001212100000)]
  0x00000178fedd7570 JavaThread "Service Thread" daemon [_thread_blocked, id=43408, stack(0x0000001212100000,0x0000001212200000)]
  0x00000178fedd7e30 JavaThread "Monitor Deflation Thread" daemon [_thread_blocked, id=43668, stack(0x0000001212200000,0x0000001212300000)]
  0x00000178fedd8a20 JavaThread "C2 CompilerThread0" daemon [_thread_blocked, id=37148, stack(0x0000001212300000,0x0000001212400000)]
  0x00000178feddb330 JavaThread "C1 CompilerThread0" daemon [_thread_blocked, id=45024, stack(0x0000001212400000,0x0000001212500000)]
  0x00000178fedf1900 JavaThread "Sweeper thread" daemon [_thread_blocked, id=27836, stack(0x0000001212500000,0x0000001212600000)]
  0x00000178fee4e9a0 JavaThread "Common-Cleaner" daemon [_thread_blocked, id=42764, stack(0x0000001212600000,0x0000001212700000)]
  0x00000178ff0b1430 JavaThread "Notification Thread" daemon [_thread_blocked, id=37868, stack(0x0000001212700000,0x0000001212800000)]
  0x00000178ff355ba0 JavaThread "Daemon health stats" [_thread_blocked, id=45700, stack(0x0000001212c00000,0x0000001212d00000)]
  0x00000178d8d90270 JavaThread "Incoming local TCP Connector on port 54166" [_thread_in_native, id=29392, stack(0x0000001212d00000,0x0000001212e00000)]
  0x00000178d8a5eee0 JavaThread "Daemon periodic checks" [_thread_blocked, id=44008, stack(0x0000001212e00000,0x0000001212f00000)]
  0x00000178d957b130 JavaThread "Daemon" [_thread_blocked, id=45928, stack(0x0000001212f00000,0x0000001213000000)]
  0x00000178d8adfee0 JavaThread "Handler for socket connection from /127.0.0.1:54166 to /127.0.0.1:55855" [_thread_in_native, id=42280, stack(0x0000001213000000,0x0000001213100000)]
  0x00000178d8ae03b0 JavaThread "Cancel handler" [_thread_blocked, id=29832, stack(0x0000001213100000,0x0000001213200000)]
  0x00000178d8ac9040 JavaThread "Daemon worker" [_thread_blocked, id=42164, stack(0x0000001213200000,0x0000001213300000)]
  0x00000178ffa37090 JavaThread "Asynchronous log dispatcher for DefaultDaemonConnection: socket connection from /127.0.0.1:54166 to /127.0.0.1:55855" [_thread_blocked, id=28268, stack(0x0000001213300000,0x0000001213400000)]
  0x00000178ffa366f0 JavaThread "Stdin handler" [_thread_blocked, id=12292, stack(0x0000001213400000,0x0000001213500000)]
  0x00000178ffa34540 JavaThread "Daemon client event forwarder" [_thread_blocked, id=28072, stack(0x0000001213500000,0x0000001213600000)]
  0x00000178ffa34070 JavaThread "Cache worker for journal cache (C:\Users\User\.gradle\caches\journal-1)" [_thread_blocked, id=39624, stack(0x0000001213600000,0x0000001213700000)]
  0x00000178ffa37a30 JavaThread "File lock request listener" [_thread_in_native, id=44940, stack(0x0000001213700000,0x0000001213800000)]
  0x00000178ffa37560 JavaThread "Cache worker for file hash cache (C:\Users\User\.gradle\caches\8.5-rc-4\fileHashes)" [_thread_blocked, id=16532, stack(0x0000001213800000,0x0000001213900000)]
  0x00000178ffa35880 JavaThread "File watcher server" daemon [_thread_blocked, id=37176, stack(0x0000001213900000,0x0000001213a00000)]
  0x00000178ffa34a10 JavaThread "File watcher consumer" daemon [_thread_blocked, id=43884, stack(0x0000001213a00000,0x0000001213b00000)]
  0x00000178ffa34ee0 JavaThread "Cache worker for checksums cache (C:\Users\User\OneDrive\Dokumen\RizkiFiles\exambro_paramarta\.gradle\8.5-rc-4\checksums)" [_thread_blocked, id=39112, stack(0x0000001213c00000,0x0000001213d00000)]
  0x00000178ffa353b0 JavaThread "Cache worker for file hash cache (C:\Users\User\OneDrive\Dokumen\RizkiFiles\exambro_paramarta\.gradle\8.5-rc-4\fileHashes)" [_thread_blocked, id=38860, stack(0x0000001213d00000,0x0000001213e00000)]
  0x00000178ffa36220 JavaThread "Cache worker for cache directory md-supplier (C:\Users\User\.gradle\caches\8.5-rc-4\md-supplier)" [_thread_blocked, id=9232, stack(0x0000001213e00000,0x0000001213f00000)]
  0x00000178ffa36bc0 JavaThread "Cache worker for cache directory md-rule (C:\Users\User\.gradle\caches\8.5-rc-4\md-rule)" [_thread_blocked, id=45584, stack(0x0000001213f00000,0x0000001214000000)]
  0x00000178d9e9ddd0 JavaThread "Cache worker for file content cache (C:\Users\User\.gradle\caches\8.5-rc-4\fileContent)" [_thread_blocked, id=11636, stack(0x0000001214000000,0x0000001214100000)]
  0x00000178d9e9ff80 JavaThread "Cache worker for execution history cache (C:\Users\User\.gradle\caches\8.5-rc-4\executionHistory)" [_thread_blocked, id=44560, stack(0x0000001214100000,0x0000001214200000)]
  0x00000178d9e9ca90 JavaThread "Cache worker for kotlin-dsl (C:\Users\User\.gradle\caches\8.5-rc-4\kotlin-dsl)" [_thread_blocked, id=43520, stack(0x0000001211300000,0x0000001211400000)]
  0x00000178d9e9cf60 JavaThread "jar transforms" [_thread_blocked, id=41600, stack(0x0000001211400000,0x0000001211500000)]
  0x00000178d9e9fab0 JavaThread "jar transforms Thread 2" [_thread_blocked, id=45776, stack(0x0000001211500000,0x0000001211600000)]
  0x00000178d9e9f110 JavaThread "jar transforms Thread 3" [_thread_blocked, id=13704, stack(0x0000001214400000,0x0000001214500000)]
  0x00000178d9e9d430 JavaThread "jar transforms Thread 4" [_thread_blocked, id=42488, stack(0x0000001214500000,0x0000001214600000)]
  0x00000178d9e9f5e0 JavaThread "Cache worker for dependencies-accessors (C:\Users\User\OneDrive\Dokumen\RizkiFiles\exambro_paramarta\.gradle\8.5-rc-4\dependencies-accessors)" [_thread_blocked, id=21424, stack(0x0000001214600000,0x0000001214700000)]
  0x00000178d9e9d900 JavaThread "Cache worker for Build Output Cleanup Cache (C:\Users\User\OneDrive\Dokumen\RizkiFiles\exambro_paramarta\.gradle\buildOutputCleanup)" [_thread_blocked, id=42344, stack(0x0000001214800000,0x0000001214900000)]
  0x00000178d9ea2fa0 JavaThread "Unconstrained build operations" [_thread_blocked, id=7340, stack(0x0000001214700000,0x0000001214800000)]
  0x00000178d9ea0450 JavaThread "Unconstrained build operations Thread 2" [_thread_blocked, id=39488, stack(0x0000001214900000,0x0000001214a00000)]
  0x00000178d9e9e2a0 JavaThread "Unconstrained build operations Thread 3" [_thread_blocked, id=40164, stack(0x0000001214a00000,0x0000001214b00000)]
  0x00000178d9ea12c0 JavaThread "Memory manager" [_thread_blocked, id=39380, stack(0x0000001214b00000,0x0000001214c00000)]
  0x00000178d9ea1c60 JavaThread "build event listener" [_thread_blocked, id=45436, stack(0x0000001214c00000,0x0000001214d00000)]
  0x00000178daef8840 JavaThread "included builds" [_thread_blocked, id=39816, stack(0x0000001214300000,0x0000001214400000)]
  0x00000178daef4e80 JavaThread "Execution worker" [_thread_blocked, id=42632, stack(0x0000001214d00000,0x0000001214e00000)]
  0x00000178daef7030 JavaThread "Execution worker Thread 2" [_thread_blocked, id=41648, stack(0x0000001214e00000,0x0000001214f00000)]
  0x00000178daef3670 JavaThread "Execution worker Thread 3" [_thread_blocked, id=14016, stack(0x0000001214f00000,0x0000001215000000)]
  0x00000178daef6690 JavaThread "Cache worker for execution history cache (C:\Users\User\OneDrive\Dokumen\RizkiFiles\exambro_paramarta\.gradle\8.5-rc-4\executionHistory)" [_thread_blocked, id=33844, stack(0x0000001215000000,0x0000001215100000)]
  0x00000178daef4010 JavaThread "Unconstrained build operations Thread 4" [_thread_blocked, id=39412, stack(0x0000001215100000,0x0000001215200000)]
  0x00000178daef5820 JavaThread "Unconstrained build operations Thread 5" [_thread_blocked, id=38996, stack(0x0000001215200000,0x0000001215300000)]
  0x00000178daef6b60 JavaThread "Unconstrained build operations Thread 6" [_thread_blocked, id=39048, stack(0x0000001215300000,0x0000001215400000)]
  0x00000178daef5350 JavaThread "Unconstrained build operations Thread 7" [_thread_blocked, id=40076, stack(0x0000001215600000,0x0000001215700000)]
  0x00000178daef5cf0 JavaThread "Unconstrained build operations Thread 8" [_thread_blocked, id=42524, stack(0x0000001215700000,0x0000001215800000)]
  0x00000178daef61c0 JavaThread "Unconstrained build operations Thread 9" [_thread_blocked, id=16056, stack(0x0000001215800000,0x0000001215900000)]
  0x00000178daef79d0 JavaThread "WorkerExecutor Queue" [_thread_blocked, id=42676, stack(0x0000001215900000,0x0000001215a00000)]
  0x00000178daef7ea0 JavaThread "Unconstrained build operations Thread 10" [_thread_blocked, id=21028, stack(0x0000001215a00000,0x0000001215b00000)]
  0x00000178daef8370 JavaThread "Unconstrained build operations Thread 11" [_thread_blocked, id=43740, stack(0x0000001215b00000,0x0000001215c00000)]
  0x00000178daefa520 JavaThread "Unconstrained build operations Thread 12" [_thread_blocked, id=23256, stack(0x0000001215c00000,0x0000001215d00000)]
  0x00000178dae28230 JavaThread "WorkerExecutor Queue Thread 2" [_thread_blocked, id=41008, stack(0x0000001215e00000,0x0000001215f00000)]
  0x00000178dae23ed0 JavaThread "WorkerExecutor Queue Thread 4" [_thread_blocked, id=29236, stack(0x0000001216000000,0x0000001216100000)]
  0x00000178dae29570 JavaThread "Unconstrained build operations Thread 13" [_thread_blocked, id=45952, stack(0x0000001216200000,0x0000001216300000)]
  0x00000178dae27890 JavaThread "Unconstrained build operations Thread 14" [_thread_blocked, id=38356, stack(0x0000001216300000,0x0000001216400000)]
  0x00000178dae24d40 JavaThread "Unconstrained build operations Thread 15" [_thread_blocked, id=45376, stack(0x0000001216400000,0x0000001216500000)]
  0x00000178dae27d60 JavaThread "Unconstrained build operations Thread 16" [_thread_blocked, id=42464, stack(0x0000001216500000,0x0000001216600000)]
  0x00000178dae23060 JavaThread "Unconstrained build operations Thread 17" [_thread_blocked, id=39820, stack(0x0000001216600000,0x0000001216700000)]
  0x00000178dae23530 JavaThread "Unconstrained build operations Thread 18" [_thread_blocked, id=45588, stack(0x0000001216700000,0x0000001216800000)]
  0x00000178dae26080 JavaThread "Unconstrained build operations Thread 19" [_thread_blocked, id=38456, stack(0x0000001216800000,0x0000001216900000)]
  0x00000178dae24870 JavaThread "Unconstrained build operations Thread 20" [_thread_blocked, id=35112, stack(0x0000001216900000,0x0000001216a00000)]
  0x00000178daef9b80 JavaThread "Unconstrained build operations Thread 21" [_thread_blocked, id=43720, stack(0x0000001216a00000,0x0000001216b00000)]
  0x00000178daef2cd0 JavaThread "Unconstrained build operations Thread 22" [_thread_blocked, id=40892, stack(0x0000001216b00000,0x0000001216c00000)]
  0x00000178d9ea3e10 JavaThread "Unconstrained build operations Thread 23" [_thread_blocked, id=8304, stack(0x0000001216c00000,0x0000001216d00000)]
  0x00000178d9ea1790 JavaThread "Unconstrained build operations Thread 24" [_thread_blocked, id=20876, stack(0x0000001216d00000,0x0000001216e00000)]
  0x00000178daef91e0 JavaThread "Unconstrained build operations Thread 25" [_thread_blocked, id=26672, stack(0x0000001216e00000,0x0000001216f00000)]
  0x00000178ffa35d50 JavaThread "Unconstrained build operations Thread 26" [_thread_blocked, id=42528, stack(0x0000001216f00000,0x0000001217000000)]
  0x00000178d9f52fa0 JavaThread "Unconstrained build operations Thread 27" [_thread_blocked, id=44020, stack(0x0000001217000000,0x0000001217100000)]
  0x00000178d9f50920 JavaThread "Unconstrained build operations Thread 28" [_thread_blocked, id=42240, stack(0x0000001217100000,0x0000001217200000)]
  0x00000178d9f4e2a0 JavaThread "Unconstrained build operations Thread 29" [_thread_blocked, id=40708, stack(0x0000001217200000,0x0000001217300000)]
  0x00000178d9f52ad0 JavaThread "Unconstrained build operations Thread 30" [_thread_blocked, id=42332, stack(0x0000001217300000,0x0000001217400000)]
  0x00000178d9f55620 JavaThread "Unconstrained build operations Thread 31" [_thread_blocked, id=36536, stack(0x0000001217400000,0x0000001217500000)]
  0x00000178d9f512c0 JavaThread "Unconstrained build operations Thread 32" [_thread_blocked, id=11704, stack(0x0000001217500000,0x0000001217600000)]
  0x00000178d9f51790 JavaThread "Unconstrained build operations Thread 33" [_thread_blocked, id=43620, stack(0x0000001217600000,0x0000001217700000)]
  0x00000178d9f4e770 JavaThread "Unconstrained build operations Thread 34" [_thread_blocked, id=39524, stack(0x0000001217700000,0x0000001217800000)]
  0x00000178d9f4f5e0 JavaThread "WorkerExecutor Queue Thread 5" [_thread_blocked, id=43480, stack(0x0000001214200000,0x0000001214300000)]
  0x00000178d9f53940 JavaThread "Unconstrained build operations Thread 35" [_thread_blocked, id=41728, stack(0x0000001215500000,0x0000001215600000)]
  0x00000178d9f4ec40 JavaThread "Unconstrained build operations Thread 36" [_thread_blocked, id=18724, stack(0x0000001217800000,0x0000001217900000)]
  0x00000178d9f4fab0 JavaThread "Unconstrained build operations Thread 37" [_thread_blocked, id=9404, stack(0x0000001217900000,0x0000001217a00000)]
  0x00000178d9f50450 JavaThread "Unconstrained build operations Thread 38" [_thread_blocked, id=38564, stack(0x0000001215f00000,0x0000001216000000)]
  0x00000178d9f51c60 JavaThread "Unconstrained build operations Thread 39" [_thread_blocked, id=40216, stack(0x0000001216100000,0x0000001216200000)]
  0x00000178d9f52600 JavaThread "Unconstrained build operations Thread 40" [_thread_blocked, id=38840, stack(0x0000001217a00000,0x0000001217b00000)]

Other Threads:
=>0x00000178fedbb610 VMThread "VM Thread" [stack: 0x0000001211c00000,0x0000001211d00000] [id=39884]
  0x00000178ff0e5260 WatcherThread [stack: 0x0000001212800000,0x0000001212900000] [id=39996]
  0x00000178f244e810 GCTaskThread "GC Thread#0" [stack: 0x0000001211700000,0x0000001211800000] [id=5000]
  0x00000178ff23c3d0 GCTaskThread "GC Thread#1" [stack: 0x0000001212900000,0x0000001212a00000] [id=6904]
  0x00000178ff3d6050 GCTaskThread "GC Thread#2" [stack: 0x0000001212a00000,0x0000001212b00000] [id=40296]
  0x00000178d8220210 GCTaskThread "GC Thread#3" [stack: 0x0000001212b00000,0x0000001212c00000] [id=37016]
  0x00000178f25074d0 ConcurrentGCThread "G1 Main Marker" [stack: 0x0000001211800000,0x0000001211900000] [id=38632]
  0x00000178f2508590 ConcurrentGCThread "G1 Conc#0" [stack: 0x0000001211900000,0x0000001211a00000] [id=19632]
  0x00000178f255e2d0 ConcurrentGCThread "G1 Refine#0" [stack: 0x0000001211a00000,0x0000001211b00000] [id=45760]
  0x00000178da71e010 ConcurrentGCThread "G1 Refine#1" [stack: 0x0000001213b00000,0x0000001213c00000] [id=39948]
  0x00000178db59cce0 ConcurrentGCThread "G1 Refine#2" [stack: 0x0000001215d00000,0x0000001215e00000] [id=43824]
  0x00000178f255ec10 ConcurrentGCThread "G1 Service" [stack: 0x0000001211b00000,0x0000001211c00000] [id=45596]

Threads with active compile tasks:
C2 CompilerThread0   623529 28675 %     4       com.android.tools.r8.ir.regalloc.b::c @ 1865 (4461 bytes)

VM state: at safepoint (normal execution)

VM Mutex/Monitor currently owned by a thread:  ([mutex/lock_event])
[0x00000178f249a7c0] Threads_lock - owner thread: 0x00000178fedbb610
[0x00000178f249a8e0] Heap_lock - owner thread: 0x00000178d9f52600

Heap address: 0x0000000080000000, size: 2048 MB, Compressed Oops mode: 32-bit

CDS archive(s) mapped at: [0x0000017893000000-0x0000017893bd0000-0x0000017893bd0000), size 12386304, SharedBaseAddress: 0x0000017893000000, ArchiveRelocationMode: 1.
Compressed class space mapped at: 0x0000017894000000-0x00000178d4000000, reserved size: 1073741824
Narrow klass base: 0x0000017893000000, Narrow klass shift: 0, Narrow klass range: 0x100000000

GC Precious Log:
 CPUs: 4 total, 4 available
 Memory: 8011M
 Large Page Support: Disabled
 NUMA Support: Disabled
 Compressed Oops: Enabled (32-bit)
 Heap Region Size: 1M
 Heap Min Capacity: 8M
 Heap Initial Capacity: 126M
 Heap Max Capacity: 2G
 Pre-touch: Disabled
 Parallel Workers: 4
 Concurrent Workers: 1
 Concurrent Refinement Workers: 4
 Periodic GC: Disabled

Heap:
 garbage-first heap   total 456704K, used 356454K [0x0000000080000000, 0x0000000100000000)
  region size 1024K, 4 young (4096K), 4 survivors (4096K)
 Metaspace       used 130291K, committed 131200K, reserved 1179648K
  class space    used 17123K, committed 17600K, reserved 1048576K

Heap Regions: E=young(eden), S=young(survivor), O=old, HS=humongous(starts), HC=humongous(continues), CS=collection set, F=free, OA=open archive, CA=closed archive, TAMS=top-at-mark-start (previous, next)
|   0|0x0000000080000000, 0x0000000080100000, 0x0000000080100000|100%| O|  |TAMS 0x0000000080100000, 0x0000000080000000| Untracked 
|   1|0x0000000080100000, 0x0000000080200000, 0x0000000080200000|100%| O|  |TAMS 0x0000000080200000, 0x0000000080100000| Untracked 
|   2|0x0000000080200000, 0x0000000080300000, 0x0000000080300000|100%|HS|  |TAMS 0x0000000080300000, 0x0000000080200000| Complete 
|   3|0x0000000080300000, 0x0000000080400000, 0x0000000080400000|100%|HC|  |TAMS 0x0000000080400000, 0x0000000080300000| Complete 
|   4|0x0000000080400000, 0x0000000080500000, 0x0000000080500000|100%|HC|  |TAMS 0x0000000080500000, 0x0000000080400000| Complete 
|   5|0x0000000080500000, 0x0000000080600000, 0x0000000080600000|100%|HC|  |TAMS 0x0000000080600000, 0x0000000080500000| Complete 
|   6|0x0000000080600000, 0x0000000080700000, 0x0000000080700000|100%| O|  |TAMS 0x0000000080700000, 0x0000000080600000| Untracked 
|   7|0x0000000080700000, 0x0000000080800000, 0x0000000080800000|100%| O|  |TAMS 0x0000000080800000, 0x0000000080700000| Untracked 
|   8|0x0000000080800000, 0x0000000080900000, 0x0000000080900000|100%| O|  |TAMS 0x0000000080900000, 0x0000000080800000| Untracked 
|   9|0x0000000080900000, 0x0000000080a00000, 0x0000000080a00000|100%| O|  |TAMS 0x0000000080a00000, 0x0000000080900000| Untracked 
|  10|0x0000000080a00000, 0x0000000080b00000, 0x0000000080b00000|100%| O|  |TAMS 0x0000000080b00000, 0x0000000080a00000| Untracked 
|  11|0x0000000080b00000, 0x0000000080c00000, 0x0000000080c00000|100%| O|  |TAMS 0x0000000080c00000, 0x0000000080b00000| Untracked 
|  12|0x0000000080c00000, 0x0000000080d00000, 0x0000000080d00000|100%| O|  |TAMS 0x0000000080d00000, 0x0000000080c00000| Untracked 
|  13|0x0000000080d00000, 0x0000000080e00000, 0x0000000080e00000|100%| O|  |TAMS 0x0000000080e00000, 0x0000000080d00000| Untracked 
|  14|0x0000000080e00000, 0x0000000080f00000, 0x0000000080f00000|100%| O|  |TAMS 0x0000000080f00000, 0x0000000080e00000| Untracked 
|  15|0x0000000080f00000, 0x0000000081000000, 0x0000000081000000|100%| O|  |TAMS 0x0000000081000000, 0x0000000080f00000| Untracked 
|  16|0x0000000081000000, 0x0000000081100000, 0x0000000081100000|100%| O|  |TAMS 0x0000000081100000, 0x0000000081000000| Untracked 
|  17|0x0000000081100000, 0x0000000081200000, 0x0000000081200000|100%| O|  |TAMS 0x0000000081200000, 0x0000000081100000| Untracked 
|  18|0x0000000081200000, 0x0000000081300000, 0x0000000081300000|100%| O|  |TAMS 0x0000000081300000, 0x0000000081200000| Untracked 
|  19|0x0000000081300000, 0x0000000081400000, 0x0000000081400000|100%| O|  |TAMS 0x0000000081400000, 0x0000000081300000| Untracked 
|  20|0x0000000081400000, 0x0000000081500000, 0x0000000081500000|100%| O|  |TAMS 0x0000000081500000, 0x0000000081400000| Untracked 
|  21|0x0000000081500000, 0x0000000081600000, 0x0000000081600000|100%| O|  |TAMS 0x0000000081600000, 0x0000000081500000| Untracked 
|  22|0x0000000081600000, 0x0000000081700000, 0x0000000081700000|100%| O|  |TAMS 0x0000000081700000, 0x0000000081600000| Untracked 
|  23|0x0000000081700000, 0x0000000081800000, 0x0000000081800000|100%| O|  |TAMS 0x0000000081800000, 0x0000000081700000| Untracked 
|  24|0x0000000081800000, 0x0000000081900000, 0x0000000081900000|100%| O|  |TAMS 0x0000000081900000, 0x0000000081800000| Untracked 
|  25|0x0000000081900000, 0x0000000081a00000, 0x0000000081a00000|100%| O|  |TAMS 0x0000000081a00000, 0x0000000081900000| Untracked 
|  26|0x0000000081a00000, 0x0000000081b00000, 0x0000000081b00000|100%| O|  |TAMS 0x0000000081b00000, 0x0000000081a00000| Untracked 
|  27|0x0000000081b00000, 0x0000000081c00000, 0x0000000081c00000|100%| O|  |TAMS 0x0000000081c00000, 0x0000000081b00000| Untracked 
|  28|0x0000000081c00000, 0x0000000081d00000, 0x0000000081d00000|100%| O|  |TAMS 0x0000000081d00000, 0x0000000081c00000| Untracked 
|  29|0x0000000081d00000, 0x0000000081e00000, 0x0000000081e00000|100%| O|  |TAMS 0x0000000081e00000, 0x0000000081d00000| Untracked 
|  30|0x0000000081e00000, 0x0000000081f00000, 0x0000000081f00000|100%|HS|  |TAMS 0x0000000081f00000, 0x0000000081e00000| Complete 
|  31|0x0000000081f00000, 0x0000000082000000, 0x0000000082000000|100%|HS|  |TAMS 0x0000000082000000, 0x0000000081f00000| Complete 
|  32|0x0000000082000000, 0x0000000082100000, 0x0000000082100000|100%|HS|  |TAMS 0x0000000082100000, 0x0000000082000000| Complete 
|  33|0x0000000082100000, 0x0000000082200000, 0x0000000082200000|100%|HC|  |TAMS 0x0000000082200000, 0x0000000082100000| Complete 
|  34|0x0000000082200000, 0x0000000082300000, 0x0000000082300000|100%|HS|  |TAMS 0x0000000082300000, 0x0000000082200000| Complete 
|  35|0x0000000082300000, 0x0000000082400000, 0x0000000082400000|100%|HC|  |TAMS 0x0000000082400000, 0x0000000082300000| Complete 
|  36|0x0000000082400000, 0x0000000082500000, 0x0000000082500000|100%| O|  |TAMS 0x0000000082500000, 0x0000000082400000| Untracked 
|  37|0x0000000082500000, 0x0000000082600000, 0x0000000082600000|100%|HS|  |TAMS 0x0000000082600000, 0x0000000082500000| Complete 
|  38|0x0000000082600000, 0x0000000082700000, 0x0000000082700000|100%| O|  |TAMS 0x0000000082700000, 0x0000000082600000| Untracked 
|  39|0x0000000082700000, 0x0000000082800000, 0x0000000082800000|100%| O|  |TAMS 0x0000000082800000, 0x0000000082700000| Untracked 
|  40|0x0000000082800000, 0x0000000082900000, 0x0000000082900000|100%| O|  |TAMS 0x0000000082900000, 0x0000000082800000| Untracked 
|  41|0x0000000082900000, 0x0000000082a00000, 0x0000000082a00000|100%| O|  |TAMS 0x0000000082a00000, 0x0000000082900000| Untracked 
|  42|0x0000000082a00000, 0x0000000082b00000, 0x0000000082b00000|100%|HS|  |TAMS 0x0000000082b00000, 0x0000000082a00000| Complete 
|  43|0x0000000082b00000, 0x0000000082c00000, 0x0000000082c00000|100%|HC|  |TAMS 0x0000000082c00000, 0x0000000082b00000| Complete 
|  44|0x0000000082c00000, 0x0000000082d00000, 0x0000000082d00000|100%|HC|  |TAMS 0x0000000082d00000, 0x0000000082c00000| Complete 
|  45|0x0000000082d00000, 0x0000000082e00000, 0x0000000082e00000|100%|HC|  |TAMS 0x0000000082e00000, 0x0000000082d00000| Complete 
|  46|0x0000000082e00000, 0x0000000082f00000, 0x0000000082f00000|100%| O|  |TAMS 0x0000000082f00000, 0x0000000082e00000| Untracked 
|  47|0x0000000082f00000, 0x0000000083000000, 0x0000000083000000|100%| O|  |TAMS 0x0000000083000000, 0x0000000082f00000| Untracked 
|  48|0x0000000083000000, 0x0000000083100000, 0x0000000083100000|100%| O|  |TAMS 0x0000000083100000, 0x0000000083000000| Untracked 
|  49|0x0000000083100000, 0x0000000083200000, 0x0000000083200000|100%|HS|  |TAMS 0x0000000083200000, 0x0000000083100000| Complete 
|  50|0x0000000083200000, 0x0000000083300000, 0x0000000083300000|100%| O|  |TAMS 0x0000000083300000, 0x0000000083200000| Untracked 
|  51|0x0000000083300000, 0x0000000083400000, 0x0000000083400000|100%| O|  |TAMS 0x0000000083400000, 0x0000000083300000| Untracked 
|  52|0x0000000083400000, 0x0000000083500000, 0x0000000083500000|100%| O|  |TAMS 0x0000000083500000, 0x0000000083400000| Untracked 
|  53|0x0000000083500000, 0x0000000083600000, 0x0000000083600000|100%| O|  |TAMS 0x0000000083600000, 0x0000000083500000| Untracked 
|  54|0x0000000083600000, 0x0000000083700000, 0x0000000083700000|100%|HS|  |TAMS 0x0000000083700000, 0x0000000083600000| Complete 
|  55|0x0000000083700000, 0x0000000083800000, 0x0000000083800000|100%| O|  |TAMS 0x0000000083800000, 0x0000000083700000| Untracked 
|  56|0x0000000083800000, 0x0000000083900000, 0x0000000083900000|100%| O|  |TAMS 0x0000000083900000, 0x0000000083800000| Untracked 
|  57|0x0000000083900000, 0x0000000083a00000, 0x0000000083a00000|100%| O|  |TAMS 0x0000000083a00000, 0x0000000083900000| Untracked 
|  58|0x0000000083a00000, 0x0000000083b00000, 0x0000000083b00000|100%| O|  |TAMS 0x0000000083b00000, 0x0000000083a00000| Untracked 
|  59|0x0000000083b00000, 0x0000000083c00000, 0x0000000083c00000|100%| O|  |TAMS 0x0000000083b00000, 0x0000000083b00000| Untracked 
|  60|0x0000000083c00000, 0x0000000083d00000, 0x0000000083d00000|100%| O|  |TAMS 0x0000000083d00000, 0x0000000083c00000| Untracked 
|  61|0x0000000083d00000, 0x0000000083e00000, 0x0000000083e00000|100%| O|  |TAMS 0x0000000083e00000, 0x0000000083d00000| Untracked 
|  62|0x0000000083e00000, 0x0000000083f00000, 0x0000000083f00000|100%| O|  |TAMS 0x0000000083f00000, 0x0000000083e00000| Untracked 
|  63|0x0000000083f00000, 0x0000000084000000, 0x0000000084000000|100%| O|  |TAMS 0x0000000084000000, 0x0000000083f00000| Untracked 
|  64|0x0000000084000000, 0x0000000084100000, 0x0000000084100000|100%|HS|  |TAMS 0x0000000084100000, 0x0000000084000000| Complete 
|  65|0x0000000084100000, 0x0000000084200000, 0x0000000084200000|100%|HC|  |TAMS 0x0000000084200000, 0x0000000084100000| Complete 
|  66|0x0000000084200000, 0x0000000084300000, 0x0000000084300000|100%|HC|  |TAMS 0x0000000084300000, 0x0000000084200000| Complete 
|  67|0x0000000084300000, 0x0000000084400000, 0x0000000084400000|100%|HC|  |TAMS 0x0000000084400000, 0x0000000084300000| Complete 
|  68|0x0000000084400000, 0x0000000084500000, 0x0000000084500000|100%| O|  |TAMS 0x0000000084500000, 0x0000000084400000| Untracked 
|  69|0x0000000084500000, 0x0000000084600000, 0x0000000084600000|100%| O|  |TAMS 0x0000000084600000, 0x0000000084500000| Untracked 
|  70|0x0000000084600000, 0x0000000084700000, 0x0000000084700000|100%| O|  |TAMS 0x0000000084700000, 0x0000000084600000| Untracked 
|  71|0x0000000084700000, 0x0000000084800000, 0x0000000084800000|100%| O|  |TAMS 0x0000000084800000, 0x0000000084700000| Untracked 
|  72|0x0000000084800000, 0x0000000084900000, 0x0000000084900000|100%| O|  |TAMS 0x0000000084900000, 0x0000000084800000| Untracked 
|  73|0x0000000084900000, 0x0000000084a00000, 0x0000000084a00000|100%| O|  |TAMS 0x0000000084a00000, 0x0000000084900000| Untracked 
|  74|0x0000000084a00000, 0x0000000084b00000, 0x0000000084b00000|100%| O|  |TAMS 0x0000000084b00000, 0x0000000084a00000| Untracked 
|  75|0x0000000084b00000, 0x0000000084c00000, 0x0000000084c00000|100%| O|  |TAMS 0x0000000084c00000, 0x0000000084b00000| Untracked 
|  76|0x0000000084c00000, 0x0000000084d00000, 0x0000000084d00000|100%| O|  |TAMS 0x0000000084d00000, 0x0000000084c00000| Untracked 
|  77|0x0000000084d00000, 0x0000000084e00000, 0x0000000084e00000|100%| O|  |TAMS 0x0000000084e00000, 0x0000000084d00000| Untracked 
|  78|0x0000000084e00000, 0x0000000084f00000, 0x0000000084f00000|100%| O|  |TAMS 0x0000000084f00000, 0x0000000084e00000| Untracked 
|  79|0x0000000084f00000, 0x0000000085000000, 0x0000000085000000|100%| O|  |TAMS 0x0000000085000000, 0x0000000084f00000| Untracked 
|  80|0x0000000085000000, 0x0000000085100000, 0x0000000085100000|100%| O|  |TAMS 0x0000000085100000, 0x0000000085000000| Untracked 
|  81|0x0000000085100000, 0x0000000085200000, 0x0000000085200000|100%| O|  |TAMS 0x0000000085200000, 0x0000000085100000| Untracked 
|  82|0x0000000085200000, 0x0000000085300000, 0x0000000085300000|100%| O|  |TAMS 0x0000000085300000, 0x0000000085200000| Untracked 
|  83|0x0000000085300000, 0x0000000085400000, 0x0000000085400000|100%| O|  |TAMS 0x0000000085300000, 0x0000000085300000| Untracked 
|  84|0x0000000085400000, 0x0000000085500000, 0x0000000085500000|100%| O|  |TAMS 0x0000000085400000, 0x0000000085400000| Untracked 
|  85|0x0000000085500000, 0x0000000085600000, 0x0000000085600000|100%| O|  |TAMS 0x0000000085500000, 0x0000000085500000| Untracked 
|  86|0x0000000085600000, 0x0000000085700000, 0x0000000085700000|100%| O|  |TAMS 0x0000000085600000, 0x0000000085600000| Untracked 
|  87|0x0000000085700000, 0x0000000085800000, 0x0000000085800000|100%| O|  |TAMS 0x0000000085700000, 0x0000000085700000| Untracked 
|  88|0x0000000085800000, 0x0000000085900000, 0x0000000085900000|100%| O|  |TAMS 0x0000000085800000, 0x0000000085800000| Untracked 
|  89|0x0000000085900000, 0x0000000085a00000, 0x0000000085a00000|100%| O|  |TAMS 0x0000000085900000, 0x0000000085900000| Untracked 
|  90|0x0000000085a00000, 0x0000000085b00000, 0x0000000085b00000|100%| O|  |TAMS 0x0000000085a00000, 0x0000000085a00000| Untracked 
|  91|0x0000000085b00000, 0x0000000085c00000, 0x0000000085c00000|100%| O|  |TAMS 0x0000000085b00000, 0x0000000085b00000| Untracked 
|  92|0x0000000085c00000, 0x0000000085d00000, 0x0000000085d00000|100%| O|  |TAMS 0x0000000085c00000, 0x0000000085c00000| Untracked 
|  93|0x0000000085d00000, 0x0000000085e00000, 0x0000000085e00000|100%| O|  |TAMS 0x0000000085d00000, 0x0000000085d00000| Untracked 
|  94|0x0000000085e00000, 0x0000000085f00000, 0x0000000085f00000|100%| O|  |TAMS 0x0000000085e00000, 0x0000000085e00000| Untracked 
|  95|0x0000000085f00000, 0x0000000086000000, 0x0000000086000000|100%| O|  |TAMS 0x0000000085f00000, 0x0000000085f00000| Untracked 
|  96|0x0000000086000000, 0x0000000086100000, 0x0000000086100000|100%| O|  |TAMS 0x0000000086000000, 0x0000000086000000| Untracked 
|  97|0x0000000086100000, 0x0000000086200000, 0x0000000086200000|100%| O|  |TAMS 0x0000000086100000, 0x0000000086100000| Untracked 
|  98|0x0000000086200000, 0x0000000086300000, 0x0000000086300000|100%| O|  |TAMS 0x0000000086200000, 0x0000000086200000| Untracked 
|  99|0x0000000086300000, 0x0000000086400000, 0x0000000086400000|100%| O|  |TAMS 0x0000000086300000, 0x0000000086300000| Untracked 
| 100|0x0000000086400000, 0x0000000086500000, 0x0000000086500000|100%| O|  |TAMS 0x0000000086400000, 0x0000000086400000| Untracked 
| 101|0x0000000086500000, 0x0000000086600000, 0x0000000086600000|100%| O|  |TAMS 0x0000000086500000, 0x0000000086500000| Untracked 
| 102|0x0000000086600000, 0x0000000086700000, 0x0000000086700000|100%| O|  |TAMS 0x0000000086600000, 0x0000000086600000| Untracked 
| 103|0x0000000086700000, 0x0000000086800000, 0x0000000086800000|100%| O|  |TAMS 0x0000000086700000, 0x0000000086700000| Untracked 
| 104|0x0000000086800000, 0x0000000086900000, 0x0000000086900000|100%| O|  |TAMS 0x0000000086800000, 0x0000000086800000| Untracked 
| 105|0x0000000086900000, 0x0000000086a00000, 0x0000000086a00000|100%| O|  |TAMS 0x0000000086900000, 0x0000000086900000| Untracked 
| 106|0x0000000086a00000, 0x0000000086b00000, 0x0000000086b00000|100%| O|  |TAMS 0x0000000086a00000, 0x0000000086a00000| Untracked 
| 107|0x0000000086b00000, 0x0000000086c00000, 0x0000000086c00000|100%| O|  |TAMS 0x0000000086b00000, 0x0000000086b00000| Untracked 
| 108|0x0000000086c00000, 0x0000000086d00000, 0x0000000086d00000|100%| O|  |TAMS 0x0000000086c00000, 0x0000000086c00000| Untracked 
| 109|0x0000000086d00000, 0x0000000086e00000, 0x0000000086e00000|100%| O|  |TAMS 0x0000000086d00000, 0x0000000086d00000| Untracked 
| 110|0x0000000086e00000, 0x0000000086f00000, 0x0000000086f00000|100%| O|  |TAMS 0x0000000086e00000, 0x0000000086e00000| Untracked 
| 111|0x0000000086f00000, 0x0000000087000000, 0x0000000087000000|100%| O|  |TAMS 0x0000000086f00000, 0x0000000086f00000| Untracked 
| 112|0x0000000087000000, 0x0000000087100000, 0x0000000087100000|100%| O|  |TAMS 0x0000000087000000, 0x0000000087000000| Untracked 
| 113|0x0000000087100000, 0x0000000087200000, 0x0000000087200000|100%| O|  |TAMS 0x0000000087100000, 0x0000000087100000| Untracked 
| 114|0x0000000087200000, 0x0000000087300000, 0x0000000087300000|100%| O|  |TAMS 0x0000000087200000, 0x0000000087200000| Untracked 
| 115|0x0000000087300000, 0x0000000087400000, 0x0000000087400000|100%| O|  |TAMS 0x0000000087300000, 0x0000000087300000| Untracked 
| 116|0x0000000087400000, 0x0000000087500000, 0x0000000087500000|100%| O|  |TAMS 0x0000000087400000, 0x0000000087400000| Untracked 
| 117|0x0000000087500000, 0x0000000087600000, 0x0000000087600000|100%| O|  |TAMS 0x0000000087500000, 0x0000000087500000| Untracked 
| 118|0x0000000087600000, 0x0000000087700000, 0x0000000087700000|100%| O|  |TAMS 0x0000000087600000, 0x0000000087600000| Untracked 
| 119|0x0000000087700000, 0x0000000087800000, 0x0000000087800000|100%| O|  |TAMS 0x0000000087700000, 0x0000000087700000| Untracked 
| 120|0x0000000087800000, 0x0000000087900000, 0x0000000087900000|100%| O|  |TAMS 0x0000000087800000, 0x0000000087800000| Untracked 
| 121|0x0000000087900000, 0x0000000087a00000, 0x0000000087a00000|100%|HS|  |TAMS 0x0000000087900000, 0x0000000087900000| Complete 
| 122|0x0000000087a00000, 0x0000000087b00000, 0x0000000087b00000|100%|HC|  |TAMS 0x0000000087a00000, 0x0000000087a00000| Complete 
| 123|0x0000000087b00000, 0x0000000087c00000, 0x0000000087c00000|100%| O|  |TAMS 0x0000000087b00000, 0x0000000087b00000| Untracked 
| 124|0x0000000087c00000, 0x0000000087d00000, 0x0000000087d00000|100%| O|  |TAMS 0x0000000087c00000, 0x0000000087c00000| Untracked 
| 125|0x0000000087d00000, 0x0000000087e00000, 0x0000000087e00000|100%| O|  |TAMS 0x0000000087d00000, 0x0000000087d00000| Untracked 
| 126|0x0000000087e00000, 0x0000000087f00000, 0x0000000087f00000|100%| O|  |TAMS 0x0000000087e00000, 0x0000000087e00000| Untracked 
| 127|0x0000000087f00000, 0x0000000088000000, 0x0000000088000000|100%| O|  |TAMS 0x0000000087f00000, 0x0000000087f00000| Untracked 
| 128|0x0000000088000000, 0x0000000088100000, 0x0000000088100000|100%| O|  |TAMS 0x0000000088000000, 0x0000000088000000| Untracked 
| 129|0x0000000088100000, 0x0000000088200000, 0x0000000088200000|100%| O|  |TAMS 0x0000000088100000, 0x0000000088100000| Untracked 
| 130|0x0000000088200000, 0x0000000088300000, 0x0000000088300000|100%| O|  |TAMS 0x0000000088200000, 0x0000000088200000| Untracked 
| 131|0x0000000088300000, 0x0000000088400000, 0x0000000088400000|100%| O|  |TAMS 0x0000000088300000, 0x0000000088300000| Untracked 
| 132|0x0000000088400000, 0x0000000088500000, 0x0000000088500000|100%| O|  |TAMS 0x0000000088400000, 0x0000000088400000| Untracked 
| 133|0x0000000088500000, 0x0000000088600000, 0x0000000088600000|100%| O|  |TAMS 0x0000000088500000, 0x0000000088500000| Untracked 
| 134|0x0000000088600000, 0x0000000088700000, 0x0000000088700000|100%| O|  |TAMS 0x0000000088600000, 0x0000000088600000| Untracked 
| 135|0x0000000088700000, 0x0000000088800000, 0x0000000088800000|100%| O|  |TAMS 0x0000000088700000, 0x0000000088700000| Untracked 
| 136|0x0000000088800000, 0x0000000088900000, 0x0000000088900000|100%| O|  |TAMS 0x0000000088800000, 0x0000000088800000| Untracked 
| 137|0x0000000088900000, 0x0000000088a00000, 0x0000000088a00000|100%| O|  |TAMS 0x0000000088900000, 0x0000000088900000| Untracked 
| 138|0x0000000088a00000, 0x0000000088b00000, 0x0000000088b00000|100%| O|  |TAMS 0x0000000088a00000, 0x0000000088a00000| Untracked 
| 139|0x0000000088b00000, 0x0000000088c00000, 0x0000000088c00000|100%| O|  |TAMS 0x0000000088b00000, 0x0000000088b00000| Untracked 
| 140|0x0000000088c00000, 0x0000000088d00000, 0x0000000088d00000|100%| O|  |TAMS 0x0000000088c00000, 0x0000000088c00000| Untracked 
| 141|0x0000000088d00000, 0x0000000088e00000, 0x0000000088e00000|100%| O|  |TAMS 0x0000000088d00000, 0x0000000088d00000| Untracked 
| 142|0x0000000088e00000, 0x0000000088f00000, 0x0000000088f00000|100%| O|  |TAMS 0x0000000088e00000, 0x0000000088e00000| Untracked 
| 143|0x0000000088f00000, 0x0000000089000000, 0x0000000089000000|100%| O|  |TAMS 0x0000000088f00000, 0x0000000088f00000| Untracked 
| 144|0x0000000089000000, 0x0000000089100000, 0x0000000089100000|100%| O|  |TAMS 0x0000000089000000, 0x0000000089000000| Untracked 
| 145|0x0000000089100000, 0x0000000089200000, 0x0000000089200000|100%| O|  |TAMS 0x0000000089100000, 0x0000000089100000| Untracked 
| 146|0x0000000089200000, 0x0000000089300000, 0x0000000089300000|100%| O|  |TAMS 0x0000000089200000, 0x0000000089200000| Untracked 
| 147|0x0000000089300000, 0x0000000089400000, 0x0000000089400000|100%| O|  |TAMS 0x0000000089300000, 0x0000000089300000| Untracked 
| 148|0x0000000089400000, 0x0000000089500000, 0x0000000089500000|100%| O|  |TAMS 0x0000000089400000, 0x0000000089400000| Untracked 
| 149|0x0000000089500000, 0x0000000089600000, 0x0000000089600000|100%| O|  |TAMS 0x0000000089500000, 0x0000000089500000| Untracked 
| 150|0x0000000089600000, 0x0000000089700000, 0x0000000089700000|100%| O|  |TAMS 0x0000000089600000, 0x0000000089600000| Untracked 
| 151|0x0000000089700000, 0x0000000089800000, 0x0000000089800000|100%| O|  |TAMS 0x0000000089700000, 0x0000000089700000| Untracked 
| 152|0x0000000089800000, 0x0000000089900000, 0x0000000089900000|100%| O|  |TAMS 0x0000000089800000, 0x0000000089800000| Untracked 
| 153|0x0000000089900000, 0x0000000089a00000, 0x0000000089a00000|100%| O|  |TAMS 0x0000000089900000, 0x0000000089900000| Untracked 
| 154|0x0000000089a00000, 0x0000000089b00000, 0x0000000089b00000|100%| O|  |TAMS 0x0000000089a00000, 0x0000000089a00000| Untracked 
| 155|0x0000000089b00000, 0x0000000089c00000, 0x0000000089c00000|100%| O|  |TAMS 0x0000000089b00000, 0x0000000089b00000| Untracked 
| 156|0x0000000089c00000, 0x0000000089d00000, 0x0000000089d00000|100%| O|  |TAMS 0x0000000089c00000, 0x0000000089c00000| Untracked 
| 157|0x0000000089d00000, 0x0000000089e00000, 0x0000000089e00000|100%| O|  |TAMS 0x0000000089d00000, 0x0000000089d00000| Untracked 
| 158|0x0000000089e00000, 0x0000000089f00000, 0x0000000089f00000|100%| O|  |TAMS 0x0000000089e00000, 0x0000000089e00000| Untracked 
| 159|0x0000000089f00000, 0x000000008a000000, 0x000000008a000000|100%| O|  |TAMS 0x0000000089f00000, 0x0000000089f00000| Untracked 
| 160|0x000000008a000000, 0x000000008a100000, 0x000000008a100000|100%| O|  |TAMS 0x000000008a000000, 0x000000008a000000| Untracked 
| 161|0x000000008a100000, 0x000000008a200000, 0x000000008a200000|100%| O|  |TAMS 0x000000008a100000, 0x000000008a100000| Untracked 
| 162|0x000000008a200000, 0x000000008a300000, 0x000000008a300000|100%| O|  |TAMS 0x000000008a200000, 0x000000008a200000| Untracked 
| 163|0x000000008a300000, 0x000000008a400000, 0x000000008a400000|100%| O|  |TAMS 0x000000008a300000, 0x000000008a300000| Untracked 
| 164|0x000000008a400000, 0x000000008a500000, 0x000000008a500000|100%| O|  |TAMS 0x000000008a400000, 0x000000008a400000| Untracked 
| 165|0x000000008a500000, 0x000000008a600000, 0x000000008a600000|100%| O|  |TAMS 0x000000008a500000, 0x000000008a500000| Untracked 
| 166|0x000000008a600000, 0x000000008a700000, 0x000000008a700000|100%| O|  |TAMS 0x000000008a600000, 0x000000008a600000| Untracked 
| 167|0x000000008a700000, 0x000000008a800000, 0x000000008a800000|100%| O|  |TAMS 0x000000008a700000, 0x000000008a700000| Untracked 
| 168|0x000000008a800000, 0x000000008a900000, 0x000000008a900000|100%| O|  |TAMS 0x000000008a800000, 0x000000008a800000| Untracked 
| 169|0x000000008a900000, 0x000000008aa00000, 0x000000008aa00000|100%| O|  |TAMS 0x000000008a900000, 0x000000008a900000| Untracked 
| 170|0x000000008aa00000, 0x000000008ab00000, 0x000000008ab00000|100%| O|  |TAMS 0x000000008aa00000, 0x000000008aa00000| Untracked 
| 171|0x000000008ab00000, 0x000000008ac00000, 0x000000008ac00000|100%| O|  |TAMS 0x000000008ab00000, 0x000000008ab00000| Untracked 
| 172|0x000000008ac00000, 0x000000008ad00000, 0x000000008ad00000|100%| O|  |TAMS 0x000000008ac00000, 0x000000008ac00000| Untracked 
| 173|0x000000008ad00000, 0x000000008ae00000, 0x000000008ae00000|100%| O|  |TAMS 0x000000008ad00000, 0x000000008ad00000| Untracked 
| 174|0x000000008ae00000, 0x000000008af00000, 0x000000008af00000|100%| O|  |TAMS 0x000000008ae00000, 0x000000008ae00000| Untracked 
| 175|0x000000008af00000, 0x000000008b000000, 0x000000008b000000|100%| O|  |TAMS 0x000000008af00000, 0x000000008af00000| Untracked 
| 176|0x000000008b000000, 0x000000008b100000, 0x000000008b100000|100%| O|  |TAMS 0x000000008b000000, 0x000000008b000000| Untracked 
| 177|0x000000008b100000, 0x000000008b200000, 0x000000008b200000|100%| O|  |TAMS 0x000000008b100000, 0x000000008b100000| Untracked 
| 178|0x000000008b200000, 0x000000008b300000, 0x000000008b300000|100%| O|  |TAMS 0x000000008b200000, 0x000000008b200000| Untracked 
| 179|0x000000008b300000, 0x000000008b400000, 0x000000008b400000|100%| O|  |TAMS 0x000000008b300000, 0x000000008b300000| Untracked 
| 180|0x000000008b400000, 0x000000008b500000, 0x000000008b500000|100%| O|  |TAMS 0x000000008b400000, 0x000000008b400000| Untracked 
| 181|0x000000008b500000, 0x000000008b600000, 0x000000008b600000|100%| O|  |TAMS 0x000000008b500000, 0x000000008b500000| Untracked 
| 182|0x000000008b600000, 0x000000008b700000, 0x000000008b700000|100%| O|  |TAMS 0x000000008b600000, 0x000000008b600000| Untracked 
| 183|0x000000008b700000, 0x000000008b800000, 0x000000008b800000|100%| O|  |TAMS 0x000000008b700000, 0x000000008b700000| Untracked 
| 184|0x000000008b800000, 0x000000008b900000, 0x000000008b900000|100%| O|  |TAMS 0x000000008b800000, 0x000000008b800000| Untracked 
| 185|0x000000008b900000, 0x000000008ba00000, 0x000000008ba00000|100%| O|  |TAMS 0x000000008b900000, 0x000000008b900000| Untracked 
| 186|0x000000008ba00000, 0x000000008bb00000, 0x000000008bb00000|100%| O|  |TAMS 0x000000008ba00000, 0x000000008ba00000| Untracked 
| 187|0x000000008bb00000, 0x000000008bc00000, 0x000000008bc00000|100%| O|  |TAMS 0x000000008bb00000, 0x000000008bb00000| Untracked 
| 188|0x000000008bc00000, 0x000000008bd00000, 0x000000008bd00000|100%| O|  |TAMS 0x000000008bc00000, 0x000000008bc00000| Untracked 
| 189|0x000000008bd00000, 0x000000008be00000, 0x000000008be00000|100%| O|  |TAMS 0x000000008bd00000, 0x000000008bd00000| Untracked 
| 190|0x000000008be00000, 0x000000008bf00000, 0x000000008bf00000|100%| O|  |TAMS 0x000000008be00000, 0x000000008be00000| Untracked 
| 191|0x000000008bf00000, 0x000000008c000000, 0x000000008c000000|100%| O|  |TAMS 0x000000008bf00000, 0x000000008bf00000| Untracked 
| 192|0x000000008c000000, 0x000000008c100000, 0x000000008c100000|100%| O|  |TAMS 0x000000008c000000, 0x000000008c000000| Untracked 
| 193|0x000000008c100000, 0x000000008c200000, 0x000000008c200000|100%| O|  |TAMS 0x000000008c100000, 0x000000008c100000| Untracked 
| 194|0x000000008c200000, 0x000000008c300000, 0x000000008c300000|100%| O|  |TAMS 0x000000008c200000, 0x000000008c200000| Untracked 
| 195|0x000000008c300000, 0x000000008c400000, 0x000000008c400000|100%| O|  |TAMS 0x000000008c300000, 0x000000008c300000| Untracked 
| 196|0x000000008c400000, 0x000000008c500000, 0x000000008c500000|100%| O|  |TAMS 0x000000008c400000, 0x000000008c400000| Untracked 
| 197|0x000000008c500000, 0x000000008c600000, 0x000000008c600000|100%| O|  |TAMS 0x000000008c500000, 0x000000008c500000| Untracked 
| 198|0x000000008c600000, 0x000000008c700000, 0x000000008c700000|100%| O|  |TAMS 0x000000008c600000, 0x000000008c600000| Untracked 
| 199|0x000000008c700000, 0x000000008c800000, 0x000000008c800000|100%| O|  |TAMS 0x000000008c700000, 0x000000008c700000| Untracked 
| 200|0x000000008c800000, 0x000000008c900000, 0x000000008c900000|100%| O|  |TAMS 0x000000008c800000, 0x000000008c800000| Untracked 
| 201|0x000000008c900000, 0x000000008ca00000, 0x000000008ca00000|100%| O|  |TAMS 0x000000008c900000, 0x000000008c900000| Untracked 
| 202|0x000000008ca00000, 0x000000008cb00000, 0x000000008cb00000|100%| O|  |TAMS 0x000000008ca00000, 0x000000008ca00000| Untracked 
| 203|0x000000008cb00000, 0x000000008cc00000, 0x000000008cc00000|100%| O|  |TAMS 0x000000008cb00000, 0x000000008cb00000| Untracked 
| 204|0x000000008cc00000, 0x000000008cd00000, 0x000000008cd00000|100%| O|  |TAMS 0x000000008cc00000, 0x000000008cc00000| Untracked 
| 205|0x000000008cd00000, 0x000000008ce00000, 0x000000008ce00000|100%| O|  |TAMS 0x000000008cd00000, 0x000000008cd00000| Untracked 
| 206|0x000000008ce00000, 0x000000008cf00000, 0x000000008cf00000|100%| O|  |TAMS 0x000000008ce00000, 0x000000008ce00000| Untracked 
| 207|0x000000008cf00000, 0x000000008d000000, 0x000000008d000000|100%| O|  |TAMS 0x000000008cf00000, 0x000000008cf00000| Untracked 
| 208|0x000000008d000000, 0x000000008d100000, 0x000000008d100000|100%| O|  |TAMS 0x000000008d000000, 0x000000008d000000| Untracked 
| 209|0x000000008d100000, 0x000000008d200000, 0x000000008d200000|100%| O|  |TAMS 0x000000008d100000, 0x000000008d100000| Untracked 
| 210|0x000000008d200000, 0x000000008d300000, 0x000000008d300000|100%| O|  |TAMS 0x000000008d200000, 0x000000008d200000| Untracked 
| 211|0x000000008d300000, 0x000000008d400000, 0x000000008d400000|100%| O|  |TAMS 0x000000008d300000, 0x000000008d300000| Untracked 
| 212|0x000000008d400000, 0x000000008d500000, 0x000000008d500000|100%| O|  |TAMS 0x000000008d400000, 0x000000008d400000| Untracked 
| 213|0x000000008d500000, 0x000000008d600000, 0x000000008d600000|100%| O|  |TAMS 0x000000008d500000, 0x000000008d500000| Untracked 
| 214|0x000000008d600000, 0x000000008d700000, 0x000000008d700000|100%| O|  |TAMS 0x000000008d600000, 0x000000008d600000| Untracked 
| 215|0x000000008d700000, 0x000000008d800000, 0x000000008d800000|100%| O|  |TAMS 0x000000008d700000, 0x000000008d700000| Untracked 
| 216|0x000000008d800000, 0x000000008d900000, 0x000000008d900000|100%| O|  |TAMS 0x000000008d800000, 0x000000008d800000| Untracked 
| 217|0x000000008d900000, 0x000000008da00000, 0x000000008da00000|100%| O|  |TAMS 0x000000008d900000, 0x000000008d900000| Untracked 
| 218|0x000000008da00000, 0x000000008db00000, 0x000000008db00000|100%| O|  |TAMS 0x000000008da00000, 0x000000008da00000| Untracked 
| 219|0x000000008db00000, 0x000000008dc00000, 0x000000008dc00000|100%| O|  |TAMS 0x000000008db00000, 0x000000008db00000| Untracked 
| 220|0x000000008dc00000, 0x000000008dd00000, 0x000000008dd00000|100%| O|  |TAMS 0x000000008dc00000, 0x000000008dc00000| Untracked 
| 221|0x000000008dd00000, 0x000000008de00000, 0x000000008de00000|100%| O|  |TAMS 0x000000008dd00000, 0x000000008dd00000| Untracked 
| 222|0x000000008de00000, 0x000000008df00000, 0x000000008df00000|100%| O|  |TAMS 0x000000008de00000, 0x000000008de00000| Untracked 
| 223|0x000000008df00000, 0x000000008e000000, 0x000000008e000000|100%| O|  |TAMS 0x000000008df00000, 0x000000008df00000| Untracked 
| 224|0x000000008e000000, 0x000000008e100000, 0x000000008e100000|100%| O|  |TAMS 0x000000008e000000, 0x000000008e000000| Untracked 
| 225|0x000000008e100000, 0x000000008e200000, 0x000000008e200000|100%| O|  |TAMS 0x000000008e100000, 0x000000008e100000| Untracked 
| 226|0x000000008e200000, 0x000000008e300000, 0x000000008e300000|100%| O|  |TAMS 0x000000008e200000, 0x000000008e200000| Untracked 
| 227|0x000000008e300000, 0x000000008e400000, 0x000000008e400000|100%| O|  |TAMS 0x000000008e300000, 0x000000008e300000| Untracked 
| 228|0x000000008e400000, 0x000000008e500000, 0x000000008e500000|100%| O|  |TAMS 0x000000008e400000, 0x000000008e400000| Untracked 
| 229|0x000000008e500000, 0x000000008e600000, 0x000000008e600000|100%| O|  |TAMS 0x000000008e500000, 0x000000008e500000| Untracked 
| 230|0x000000008e600000, 0x000000008e700000, 0x000000008e700000|100%| O|  |TAMS 0x000000008e600000, 0x000000008e600000| Untracked 
| 231|0x000000008e700000, 0x000000008e800000, 0x000000008e800000|100%| O|  |TAMS 0x000000008e700000, 0x000000008e700000| Untracked 
| 232|0x000000008e800000, 0x000000008e900000, 0x000000008e900000|100%| O|  |TAMS 0x000000008e800000, 0x000000008e800000| Untracked 
| 233|0x000000008e900000, 0x000000008ea00000, 0x000000008ea00000|100%| O|  |TAMS 0x000000008e900000, 0x000000008e900000| Untracked 
| 234|0x000000008ea00000, 0x000000008eb00000, 0x000000008eb00000|100%| O|  |TAMS 0x000000008ea00000, 0x000000008ea00000| Untracked 
| 235|0x000000008eb00000, 0x000000008ec00000, 0x000000008ec00000|100%| O|  |TAMS 0x000000008eb00000, 0x000000008eb00000| Untracked 
| 236|0x000000008ec00000, 0x000000008ed00000, 0x000000008ed00000|100%| O|  |TAMS 0x000000008ec00000, 0x000000008ec00000| Untracked 
| 237|0x000000008ed00000, 0x000000008ee00000, 0x000000008ee00000|100%| O|  |TAMS 0x000000008ed00000, 0x000000008ed00000| Untracked 
| 238|0x000000008ee00000, 0x000000008ef00000, 0x000000008ef00000|100%| O|  |TAMS 0x000000008ee00000, 0x000000008ee00000| Untracked 
| 239|0x000000008ef00000, 0x000000008f000000, 0x000000008f000000|100%| O|  |TAMS 0x000000008ef00000, 0x000000008ef00000| Untracked 
| 240|0x000000008f000000, 0x000000008f100000, 0x000000008f100000|100%| O|  |TAMS 0x000000008f000000, 0x000000008f000000| Untracked 
| 241|0x000000008f100000, 0x000000008f200000, 0x000000008f200000|100%| O|  |TAMS 0x000000008f100000, 0x000000008f100000| Untracked 
| 242|0x000000008f200000, 0x000000008f300000, 0x000000008f300000|100%| O|  |TAMS 0x000000008f200000, 0x000000008f200000| Untracked 
| 243|0x000000008f300000, 0x000000008f400000, 0x000000008f400000|100%| O|  |TAMS 0x000000008f300000, 0x000000008f300000| Untracked 
| 244|0x000000008f400000, 0x000000008f500000, 0x000000008f500000|100%| O|  |TAMS 0x000000008f400000, 0x000000008f400000| Untracked 
| 245|0x000000008f500000, 0x000000008f600000, 0x000000008f600000|100%| O|  |TAMS 0x000000008f500000, 0x000000008f500000| Untracked 
| 246|0x000000008f600000, 0x000000008f700000, 0x000000008f700000|100%| O|  |TAMS 0x000000008f600000, 0x000000008f600000| Untracked 
| 247|0x000000008f700000, 0x000000008f800000, 0x000000008f800000|100%| O|  |TAMS 0x000000008f700000, 0x000000008f700000| Untracked 
| 248|0x000000008f800000, 0x000000008f900000, 0x000000008f900000|100%| O|  |TAMS 0x000000008f800000, 0x000000008f800000| Untracked 
| 249|0x000000008f900000, 0x000000008fa00000, 0x000000008fa00000|100%| O|  |TAMS 0x000000008f900000, 0x000000008f900000| Untracked 
| 250|0x000000008fa00000, 0x000000008fb00000, 0x000000008fb00000|100%| O|  |TAMS 0x000000008fa00000, 0x000000008fa00000| Untracked 
| 251|0x000000008fb00000, 0x000000008fc00000, 0x000000008fc00000|100%| O|  |TAMS 0x000000008fb00000, 0x000000008fb00000| Untracked 
| 252|0x000000008fc00000, 0x000000008fd00000, 0x000000008fd00000|100%| O|  |TAMS 0x000000008fc00000, 0x000000008fc00000| Untracked 
| 253|0x000000008fd00000, 0x000000008fe00000, 0x000000008fe00000|100%| O|  |TAMS 0x000000008fd00000, 0x000000008fd00000| Untracked 
| 254|0x000000008fe00000, 0x000000008ff00000, 0x000000008ff00000|100%| O|  |TAMS 0x000000008fe00000, 0x000000008fe00000| Untracked 
| 255|0x000000008ff00000, 0x0000000090000000, 0x0000000090000000|100%| O|  |TAMS 0x000000008ff00000, 0x000000008ff00000| Untracked 
| 256|0x0000000090000000, 0x0000000090100000, 0x0000000090100000|100%| O|  |TAMS 0x0000000090000000, 0x0000000090000000| Untracked 
| 257|0x0000000090100000, 0x0000000090200000, 0x0000000090200000|100%| O|  |TAMS 0x0000000090100000, 0x0000000090100000| Untracked 
| 258|0x0000000090200000, 0x0000000090300000, 0x0000000090300000|100%| O|  |TAMS 0x0000000090200000, 0x0000000090200000| Untracked 
| 259|0x0000000090300000, 0x0000000090400000, 0x0000000090400000|100%| O|  |TAMS 0x0000000090300000, 0x0000000090300000| Untracked 
| 260|0x0000000090400000, 0x0000000090500000, 0x0000000090500000|100%| O|  |TAMS 0x0000000090400000, 0x0000000090400000| Untracked 
| 261|0x0000000090500000, 0x0000000090600000, 0x0000000090600000|100%| O|  |TAMS 0x0000000090500000, 0x0000000090500000| Untracked 
| 262|0x0000000090600000, 0x0000000090700000, 0x0000000090700000|100%| O|  |TAMS 0x0000000090600000, 0x0000000090600000| Untracked 
| 263|0x0000000090700000, 0x0000000090800000, 0x0000000090800000|100%| O|  |TAMS 0x0000000090700000, 0x0000000090700000| Untracked 
| 264|0x0000000090800000, 0x0000000090900000, 0x0000000090900000|100%| O|  |TAMS 0x0000000090800000, 0x0000000090800000| Untracked 
| 265|0x0000000090900000, 0x0000000090a00000, 0x0000000090a00000|100%| O|  |TAMS 0x0000000090900000, 0x0000000090900000| Untracked 
| 266|0x0000000090a00000, 0x0000000090b00000, 0x0000000090b00000|100%| O|  |TAMS 0x0000000090a00000, 0x0000000090a00000| Untracked 
| 267|0x0000000090b00000, 0x0000000090c00000, 0x0000000090c00000|100%| O|  |TAMS 0x0000000090b00000, 0x0000000090b00000| Untracked 
| 268|0x0000000090c00000, 0x0000000090d00000, 0x0000000090d00000|100%| O|  |TAMS 0x0000000090c00000, 0x0000000090c00000| Untracked 
| 269|0x0000000090d00000, 0x0000000090e00000, 0x0000000090e00000|100%| O|  |TAMS 0x0000000090d00000, 0x0000000090d00000| Untracked 
| 270|0x0000000090e00000, 0x0000000090f00000, 0x0000000090f00000|100%| O|  |TAMS 0x0000000090e00000, 0x0000000090e00000| Untracked 
| 271|0x0000000090f00000, 0x0000000091000000, 0x0000000091000000|100%| O|  |TAMS 0x0000000090f00000, 0x0000000090f00000| Untracked 
| 272|0x0000000091000000, 0x0000000091100000, 0x0000000091100000|100%| O|  |TAMS 0x0000000091000000, 0x0000000091000000| Untracked 
| 273|0x0000000091100000, 0x0000000091200000, 0x0000000091200000|100%| O|  |TAMS 0x0000000091100000, 0x0000000091100000| Untracked 
| 274|0x0000000091200000, 0x0000000091300000, 0x0000000091300000|100%| O|  |TAMS 0x0000000091200000, 0x0000000091200000| Untracked 
| 275|0x0000000091300000, 0x0000000091400000, 0x0000000091400000|100%| O|  |TAMS 0x0000000091300000, 0x0000000091300000| Untracked 
| 276|0x0000000091400000, 0x0000000091500000, 0x0000000091500000|100%| O|  |TAMS 0x0000000091400000, 0x0000000091400000| Untracked 
| 277|0x0000000091500000, 0x0000000091600000, 0x0000000091600000|100%| O|  |TAMS 0x0000000091500000, 0x0000000091500000| Untracked 
| 278|0x0000000091600000, 0x0000000091700000, 0x0000000091700000|100%| O|  |TAMS 0x0000000091600000, 0x0000000091600000| Untracked 
| 279|0x0000000091700000, 0x0000000091800000, 0x0000000091800000|100%| O|  |TAMS 0x0000000091700000, 0x0000000091700000| Untracked 
| 280|0x0000000091800000, 0x0000000091900000, 0x0000000091900000|100%| O|  |TAMS 0x0000000091800000, 0x0000000091800000| Untracked 
| 281|0x0000000091900000, 0x0000000091a00000, 0x0000000091a00000|100%| O|  |TAMS 0x0000000091900000, 0x0000000091900000| Untracked 
| 282|0x0000000091a00000, 0x0000000091b00000, 0x0000000091b00000|100%| O|  |TAMS 0x0000000091a00000, 0x0000000091a00000| Untracked 
| 283|0x0000000091b00000, 0x0000000091c00000, 0x0000000091c00000|100%| O|  |TAMS 0x0000000091b00000, 0x0000000091b00000| Untracked 
| 284|0x0000000091c00000, 0x0000000091d00000, 0x0000000091d00000|100%| O|  |TAMS 0x0000000091c00000, 0x0000000091c00000| Untracked 
| 285|0x0000000091d00000, 0x0000000091e00000, 0x0000000091e00000|100%| O|  |TAMS 0x0000000091d00000, 0x0000000091d00000| Untracked 
| 286|0x0000000091e00000, 0x0000000091f00000, 0x0000000091f00000|100%| O|  |TAMS 0x0000000091e00000, 0x0000000091e00000| Untracked 
| 287|0x0000000091f00000, 0x0000000092000000, 0x0000000092000000|100%| O|  |TAMS 0x0000000091f00000, 0x0000000091f00000| Untracked 
| 288|0x0000000092000000, 0x0000000092100000, 0x0000000092100000|100%|HS|  |TAMS 0x0000000092000000, 0x0000000092000000| Complete 
| 289|0x0000000092100000, 0x0000000092200000, 0x0000000092200000|100%| O|  |TAMS 0x0000000092100000, 0x0000000092100000| Untracked 
| 290|0x0000000092200000, 0x0000000092300000, 0x0000000092300000|100%| O|  |TAMS 0x0000000092200000, 0x0000000092200000| Untracked 
| 291|0x0000000092300000, 0x0000000092400000, 0x0000000092400000|100%| O|  |TAMS 0x0000000092300000, 0x0000000092300000| Untracked 
| 292|0x0000000092400000, 0x0000000092500000, 0x0000000092500000|100%| O|  |TAMS 0x0000000092400000, 0x0000000092400000| Untracked 
| 293|0x0000000092500000, 0x0000000092600000, 0x0000000092600000|100%| O|  |TAMS 0x0000000092500000, 0x0000000092500000| Untracked 
| 294|0x0000000092600000, 0x0000000092700000, 0x0000000092700000|100%| O|  |TAMS 0x0000000092600000, 0x0000000092600000| Untracked 
| 295|0x0000000092700000, 0x0000000092800000, 0x0000000092800000|100%| O|  |TAMS 0x0000000092700000, 0x0000000092700000| Untracked 
| 296|0x0000000092800000, 0x0000000092900000, 0x0000000092900000|100%| O|  |TAMS 0x0000000092800000, 0x0000000092800000| Untracked 
| 297|0x0000000092900000, 0x0000000092a00000, 0x0000000092a00000|100%| O|  |TAMS 0x0000000092900000, 0x0000000092900000| Untracked 
| 298|0x0000000092a00000, 0x0000000092b00000, 0x0000000092b00000|100%| O|  |TAMS 0x0000000092a00000, 0x0000000092a00000| Untracked 
| 299|0x0000000092b00000, 0x0000000092c00000, 0x0000000092c00000|100%| O|  |TAMS 0x0000000092b00000, 0x0000000092b00000| Untracked 
| 300|0x0000000092c00000, 0x0000000092d00000, 0x0000000092d00000|100%| O|  |TAMS 0x0000000092c00000, 0x0000000092c00000| Untracked 
| 301|0x0000000092d00000, 0x0000000092e00000, 0x0000000092e00000|100%| O|  |TAMS 0x0000000092d00000, 0x0000000092d00000| Untracked 
| 302|0x0000000092e00000, 0x0000000092f00000, 0x0000000092f00000|100%| O|  |TAMS 0x0000000092e00000, 0x0000000092e00000| Untracked 
| 303|0x0000000092f00000, 0x0000000093000000, 0x0000000093000000|100%| O|  |TAMS 0x0000000092f00000, 0x0000000092f00000| Untracked 
| 304|0x0000000093000000, 0x0000000093100000, 0x0000000093100000|100%| O|  |TAMS 0x0000000093000000, 0x0000000093000000| Untracked 
| 305|0x0000000093100000, 0x0000000093200000, 0x0000000093200000|100%| O|  |TAMS 0x0000000093100000, 0x0000000093100000| Untracked 
| 306|0x0000000093200000, 0x0000000093300000, 0x0000000093300000|100%| O|  |TAMS 0x0000000093200000, 0x0000000093200000| Untracked 
| 307|0x0000000093300000, 0x0000000093400000, 0x0000000093400000|100%| O|  |TAMS 0x0000000093300000, 0x0000000093300000| Untracked 
| 308|0x0000000093400000, 0x0000000093500000, 0x0000000093500000|100%| O|  |TAMS 0x0000000093400000, 0x0000000093400000| Untracked 
| 309|0x0000000093500000, 0x0000000093600000, 0x0000000093600000|100%| O|  |TAMS 0x0000000093500000, 0x0000000093500000| Untracked 
| 310|0x0000000093600000, 0x0000000093700000, 0x0000000093700000|100%| O|  |TAMS 0x0000000093600000, 0x0000000093600000| Untracked 
| 311|0x0000000093700000, 0x0000000093800000, 0x0000000093800000|100%| O|  |TAMS 0x0000000093700000, 0x0000000093700000| Untracked 
| 312|0x0000000093800000, 0x0000000093900000, 0x0000000093900000|100%| O|  |TAMS 0x0000000093800000, 0x0000000093800000| Untracked 
| 313|0x0000000093900000, 0x0000000093a00000, 0x0000000093a00000|100%| O|  |TAMS 0x0000000093900000, 0x0000000093900000| Untracked 
| 314|0x0000000093a00000, 0x0000000093b00000, 0x0000000093b00000|100%| O|  |TAMS 0x0000000093a00000, 0x0000000093a00000| Untracked 
| 315|0x0000000093b00000, 0x0000000093c00000, 0x0000000093c00000|100%| O|  |TAMS 0x0000000093b00000, 0x0000000093b00000| Untracked 
| 316|0x0000000093c00000, 0x0000000093d00000, 0x0000000093d00000|100%| O|  |TAMS 0x0000000093c00000, 0x0000000093c00000| Untracked 
| 317|0x0000000093d00000, 0x0000000093e00000, 0x0000000093e00000|100%| O|  |TAMS 0x0000000093d00000, 0x0000000093d00000| Untracked 
| 318|0x0000000093e00000, 0x0000000093f00000, 0x0000000093f00000|100%| O|  |TAMS 0x0000000093e00000, 0x0000000093e00000| Untracked 
| 319|0x0000000093f00000, 0x0000000094000000, 0x0000000094000000|100%| O|  |TAMS 0x0000000093f00000, 0x0000000093f00000| Untracked 
| 320|0x0000000094000000, 0x0000000094100000, 0x0000000094100000|100%| O|  |TAMS 0x0000000094000000, 0x0000000094000000| Untracked 
| 321|0x0000000094100000, 0x0000000094200000, 0x0000000094200000|100%| O|  |TAMS 0x0000000094100000, 0x0000000094100000| Untracked 
| 322|0x0000000094200000, 0x0000000094300000, 0x0000000094300000|100%| O|  |TAMS 0x0000000094200000, 0x0000000094200000| Untracked 
| 323|0x0000000094300000, 0x0000000094400000, 0x0000000094400000|100%| O|  |TAMS 0x0000000094300000, 0x0000000094300000| Untracked 
| 324|0x0000000094400000, 0x0000000094500000, 0x0000000094500000|100%| O|  |TAMS 0x0000000094400000, 0x0000000094400000| Untracked 
| 325|0x0000000094500000, 0x0000000094600000, 0x0000000094600000|100%| O|  |TAMS 0x0000000094500000, 0x0000000094500000| Untracked 
| 326|0x0000000094600000, 0x0000000094700000, 0x0000000094700000|100%| O|  |TAMS 0x0000000094600000, 0x0000000094600000| Untracked 
| 327|0x0000000094700000, 0x0000000094800000, 0x0000000094800000|100%| O|  |TAMS 0x0000000094700000, 0x0000000094700000| Untracked 
| 328|0x0000000094800000, 0x0000000094900000, 0x0000000094900000|100%| O|  |TAMS 0x0000000094800000, 0x0000000094800000| Untracked 
| 329|0x0000000094900000, 0x0000000094a00000, 0x0000000094a00000|100%| O|  |TAMS 0x0000000094900000, 0x0000000094900000| Untracked 
| 330|0x0000000094a00000, 0x0000000094b00000, 0x0000000094b00000|100%| O|  |TAMS 0x0000000094a00000, 0x0000000094a00000| Untracked 
| 331|0x0000000094b00000, 0x0000000094c00000, 0x0000000094c00000|100%| O|  |TAMS 0x0000000094b00000, 0x0000000094b00000| Untracked 
| 332|0x0000000094c00000, 0x0000000094d00000, 0x0000000094d00000|100%| O|  |TAMS 0x0000000094c00000, 0x0000000094c00000| Untracked 
| 333|0x0000000094d00000, 0x0000000094e00000, 0x0000000094e00000|100%| O|  |TAMS 0x0000000094d00000, 0x0000000094d00000| Untracked 
| 334|0x0000000094e00000, 0x0000000094f00000, 0x0000000094f00000|100%| O|  |TAMS 0x0000000094e00000, 0x0000000094e00000| Untracked 
| 335|0x0000000094f00000, 0x0000000095000000, 0x0000000095000000|100%| O|  |TAMS 0x0000000094f00000, 0x0000000094f00000| Untracked 
| 336|0x0000000095000000, 0x0000000095100000, 0x0000000095100000|100%| O|  |TAMS 0x0000000095000000, 0x0000000095000000| Untracked 
| 337|0x0000000095100000, 0x0000000095200000, 0x0000000095200000|100%| O|  |TAMS 0x0000000095100000, 0x0000000095100000| Untracked 
| 338|0x0000000095200000, 0x0000000095300000, 0x0000000095300000|100%| O|  |TAMS 0x0000000095200000, 0x0000000095200000| Untracked 
| 339|0x0000000095300000, 0x0000000095400000, 0x0000000095400000|100%| O|  |TAMS 0x0000000095300000, 0x0000000095300000| Untracked 
| 340|0x0000000095400000, 0x0000000095500000, 0x0000000095500000|100%| O|  |TAMS 0x0000000095400000, 0x0000000095400000| Untracked 
| 341|0x0000000095500000, 0x0000000095600000, 0x0000000095600000|100%| O|  |TAMS 0x0000000095500000, 0x0000000095500000| Untracked 
| 342|0x0000000095600000, 0x0000000095700000, 0x0000000095700000|100%| O|  |TAMS 0x0000000095600000, 0x0000000095600000| Untracked 
| 343|0x0000000095700000, 0x0000000095800000, 0x0000000095800000|100%| O|  |TAMS 0x0000000095700000, 0x0000000095700000| Untracked 
| 344|0x0000000095800000, 0x00000000958aae00, 0x0000000095900000| 66%| O|  |TAMS 0x0000000095800000, 0x0000000095800000| Untracked 
| 345|0x0000000095900000, 0x0000000095900000, 0x0000000095a00000|  0%| F|  |TAMS 0x0000000095900000, 0x0000000095900000| Untracked 
| 346|0x0000000095a00000, 0x0000000095a00000, 0x0000000095b00000|  0%| F|  |TAMS 0x0000000095a00000, 0x0000000095a00000| Untracked 
| 347|0x0000000095b00000, 0x0000000095b00000, 0x0000000095c00000|  0%| F|  |TAMS 0x0000000095b00000, 0x0000000095b00000| Untracked 
| 348|0x0000000095c00000, 0x0000000095c00000, 0x0000000095d00000|  0%| F|  |TAMS 0x0000000095c00000, 0x0000000095c00000| Untracked 
| 349|0x0000000095d00000, 0x0000000095d00000, 0x0000000095e00000|  0%| F|  |TAMS 0x0000000095d00000, 0x0000000095d00000| Untracked 
| 350|0x0000000095e00000, 0x0000000095e00000, 0x0000000095f00000|  0%| F|  |TAMS 0x0000000095e00000, 0x0000000095e00000| Untracked 
| 351|0x0000000095f00000, 0x0000000095f00000, 0x0000000096000000|  0%| F|  |TAMS 0x0000000095f00000, 0x0000000095f00000| Untracked 
| 352|0x0000000096000000, 0x0000000096000000, 0x0000000096100000|  0%| F|  |TAMS 0x0000000096000000, 0x0000000096000000| Untracked 
| 353|0x0000000096100000, 0x0000000096100000, 0x0000000096200000|  0%| F|  |TAMS 0x0000000096100000, 0x0000000096100000| Untracked 
| 354|0x0000000096200000, 0x0000000096200000, 0x0000000096300000|  0%| F|  |TAMS 0x0000000096200000, 0x0000000096200000| Untracked 
| 355|0x0000000096300000, 0x0000000096300000, 0x0000000096400000|  0%| F|  |TAMS 0x0000000096300000, 0x0000000096300000| Untracked 
| 356|0x0000000096400000, 0x0000000096400000, 0x0000000096500000|  0%| F|  |TAMS 0x0000000096400000, 0x0000000096400000| Untracked 
| 357|0x0000000096500000, 0x0000000096500000, 0x0000000096600000|  0%| F|  |TAMS 0x0000000096500000, 0x0000000096500000| Untracked 
| 358|0x0000000096600000, 0x0000000096600000, 0x0000000096700000|  0%| F|  |TAMS 0x0000000096600000, 0x0000000096600000| Untracked 
| 359|0x0000000096700000, 0x0000000096700000, 0x0000000096800000|  0%| F|  |TAMS 0x0000000096700000, 0x0000000096700000| Untracked 
| 360|0x0000000096800000, 0x0000000096800000, 0x0000000096900000|  0%| F|  |TAMS 0x0000000096800000, 0x0000000096800000| Untracked 
| 361|0x0000000096900000, 0x0000000096900000, 0x0000000096a00000|  0%| F|  |TAMS 0x0000000096900000, 0x0000000096900000| Untracked 
| 362|0x0000000096a00000, 0x0000000096a00000, 0x0000000096b00000|  0%| F|  |TAMS 0x0000000096a00000, 0x0000000096a00000| Untracked 
| 363|0x0000000096b00000, 0x0000000096b00000, 0x0000000096c00000|  0%| F|  |TAMS 0x0000000096b00000, 0x0000000096b00000| Untracked 
| 364|0x0000000096c00000, 0x0000000096c00000, 0x0000000096d00000|  0%| F|  |TAMS 0x0000000096c00000, 0x0000000096c00000| Untracked 
| 365|0x0000000096d00000, 0x0000000096d00000, 0x0000000096e00000|  0%| F|  |TAMS 0x0000000096d00000, 0x0000000096d00000| Untracked 
| 366|0x0000000096e00000, 0x0000000096e00000, 0x0000000096f00000|  0%| F|  |TAMS 0x0000000096e00000, 0x0000000096e00000| Untracked 
| 367|0x0000000096f00000, 0x0000000096f00000, 0x0000000097000000|  0%| F|  |TAMS 0x0000000096f00000, 0x0000000096f00000| Untracked 
| 368|0x0000000097000000, 0x0000000097000000, 0x0000000097100000|  0%| F|  |TAMS 0x0000000097000000, 0x0000000097000000| Untracked 
| 369|0x0000000097100000, 0x0000000097100000, 0x0000000097200000|  0%| F|  |TAMS 0x0000000097100000, 0x0000000097100000| Untracked 
| 370|0x0000000097200000, 0x0000000097200000, 0x0000000097300000|  0%| F|  |TAMS 0x0000000097200000, 0x0000000097200000| Untracked 
| 371|0x0000000097300000, 0x0000000097300000, 0x0000000097400000|  0%| F|  |TAMS 0x0000000097300000, 0x0000000097300000| Untracked 
| 372|0x0000000097400000, 0x0000000097400000, 0x0000000097500000|  0%| F|  |TAMS 0x0000000097400000, 0x0000000097400000| Untracked 
| 373|0x0000000097500000, 0x0000000097500000, 0x0000000097600000|  0%| F|  |TAMS 0x0000000097500000, 0x0000000097500000| Untracked 
| 374|0x0000000097600000, 0x0000000097600000, 0x0000000097700000|  0%| F|  |TAMS 0x0000000097600000, 0x0000000097600000| Untracked 
| 375|0x0000000097700000, 0x0000000097700000, 0x0000000097800000|  0%| F|  |TAMS 0x0000000097700000, 0x0000000097700000| Untracked 
| 376|0x0000000097800000, 0x0000000097800000, 0x0000000097900000|  0%| F|  |TAMS 0x0000000097800000, 0x0000000097800000| Untracked 
| 377|0x0000000097900000, 0x0000000097900000, 0x0000000097a00000|  0%| F|  |TAMS 0x0000000097900000, 0x0000000097900000| Untracked 
| 378|0x0000000097a00000, 0x0000000097a00000, 0x0000000097b00000|  0%| F|  |TAMS 0x0000000097a00000, 0x0000000097a00000| Untracked 
| 379|0x0000000097b00000, 0x0000000097b00000, 0x0000000097c00000|  0%| F|  |TAMS 0x0000000097b00000, 0x0000000097b00000| Untracked 
| 380|0x0000000097c00000, 0x0000000097c00000, 0x0000000097d00000|  0%| F|  |TAMS 0x0000000097c00000, 0x0000000097c00000| Untracked 
| 381|0x0000000097d00000, 0x0000000097d00000, 0x0000000097e00000|  0%| F|  |TAMS 0x0000000097d00000, 0x0000000097d00000| Untracked 
| 382|0x0000000097e00000, 0x0000000097e00000, 0x0000000097f00000|  0%| F|  |TAMS 0x0000000097e00000, 0x0000000097e00000| Untracked 
| 383|0x0000000097f00000, 0x0000000097f00000, 0x0000000098000000|  0%| F|  |TAMS 0x0000000097f00000, 0x0000000097f00000| Untracked 
| 384|0x0000000098000000, 0x0000000098000000, 0x0000000098100000|  0%| F|  |TAMS 0x0000000098000000, 0x0000000098000000| Untracked 
| 385|0x0000000098100000, 0x0000000098100000, 0x0000000098200000|  0%| F|  |TAMS 0x0000000098100000, 0x0000000098100000| Untracked 
| 386|0x0000000098200000, 0x0000000098200000, 0x0000000098300000|  0%| F|  |TAMS 0x0000000098200000, 0x0000000098200000| Untracked 
| 387|0x0000000098300000, 0x0000000098300000, 0x0000000098400000|  0%| F|  |TAMS 0x0000000098300000, 0x0000000098300000| Untracked 
| 388|0x0000000098400000, 0x0000000098400000, 0x0000000098500000|  0%| F|  |TAMS 0x0000000098400000, 0x0000000098400000| Untracked 
| 389|0x0000000098500000, 0x0000000098500000, 0x0000000098600000|  0%| F|  |TAMS 0x0000000098500000, 0x0000000098500000| Untracked 
| 390|0x0000000098600000, 0x0000000098600000, 0x0000000098700000|  0%| F|  |TAMS 0x0000000098600000, 0x0000000098600000| Untracked 
| 391|0x0000000098700000, 0x0000000098700000, 0x0000000098800000|  0%| F|  |TAMS 0x0000000098700000, 0x0000000098700000| Untracked 
| 392|0x0000000098800000, 0x0000000098800000, 0x0000000098900000|  0%| F|  |TAMS 0x0000000098800000, 0x0000000098800000| Untracked 
| 393|0x0000000098900000, 0x0000000098900000, 0x0000000098a00000|  0%| F|  |TAMS 0x0000000098900000, 0x0000000098900000| Untracked 
| 394|0x0000000098a00000, 0x0000000098a00000, 0x0000000098b00000|  0%| F|  |TAMS 0x0000000098a00000, 0x0000000098a00000| Untracked 
| 395|0x0000000098b00000, 0x0000000098b00000, 0x0000000098c00000|  0%| F|  |TAMS 0x0000000098b00000, 0x0000000098b00000| Untracked 
| 396|0x0000000098c00000, 0x0000000098c00000, 0x0000000098d00000|  0%| F|  |TAMS 0x0000000098c00000, 0x0000000098c00000| Untracked 
| 397|0x0000000098d00000, 0x0000000098d6ea60, 0x0000000098e00000| 43%| S|CS|TAMS 0x0000000098d00000, 0x0000000098d00000| Complete 
| 398|0x0000000098e00000, 0x0000000098f00000, 0x0000000098f00000|100%| S|CS|TAMS 0x0000000098e00000, 0x0000000098e00000| Complete 
| 399|0x0000000098f00000, 0x0000000098f00000, 0x0000000099000000|  0%| F|  |TAMS 0x0000000098f00000, 0x0000000098f00000| Untracked 
| 400|0x0000000099000000, 0x0000000099000000, 0x0000000099100000|  0%| F|  |TAMS 0x0000000099000000, 0x0000000099000000| Untracked 
| 401|0x0000000099100000, 0x0000000099100000, 0x0000000099200000|  0%| F|  |TAMS 0x0000000099100000, 0x0000000099100000| Untracked 
| 402|0x0000000099200000, 0x0000000099200000, 0x0000000099300000|  0%| F|  |TAMS 0x0000000099200000, 0x0000000099200000| Untracked 
| 403|0x0000000099300000, 0x0000000099400000, 0x0000000099400000|100%| S|CS|TAMS 0x0000000099300000, 0x0000000099300000| Complete 
| 404|0x0000000099400000, 0x0000000099500000, 0x0000000099500000|100%| S|CS|TAMS 0x0000000099400000, 0x0000000099400000| Complete 
| 405|0x0000000099500000, 0x0000000099500000, 0x0000000099600000|  0%| F|  |TAMS 0x0000000099500000, 0x0000000099500000| Untracked 
| 406|0x0000000099600000, 0x0000000099600000, 0x0000000099700000|  0%| F|  |TAMS 0x0000000099600000, 0x0000000099600000| Untracked 
| 407|0x0000000099700000, 0x0000000099700000, 0x0000000099800000|  0%| F|  |TAMS 0x0000000099700000, 0x0000000099700000| Untracked 
| 408|0x0000000099800000, 0x0000000099800000, 0x0000000099900000|  0%| F|  |TAMS 0x0000000099800000, 0x0000000099800000| Untracked 
| 409|0x0000000099900000, 0x0000000099900000, 0x0000000099a00000|  0%| F|  |TAMS 0x0000000099900000, 0x0000000099900000| Untracked 
| 410|0x0000000099a00000, 0x0000000099a00000, 0x0000000099b00000|  0%| F|  |TAMS 0x0000000099a00000, 0x0000000099a00000| Untracked 
| 411|0x0000000099b00000, 0x0000000099b00000, 0x0000000099c00000|  0%| F|  |TAMS 0x0000000099b00000, 0x0000000099b00000| Untracked 
| 412|0x0000000099c00000, 0x0000000099c00000, 0x0000000099d00000|  0%| F|  |TAMS 0x0000000099c00000, 0x0000000099c00000| Untracked 
| 413|0x0000000099d00000, 0x0000000099d00000, 0x0000000099e00000|  0%| F|  |TAMS 0x0000000099d00000, 0x0000000099d00000| Untracked 
| 414|0x0000000099e00000, 0x0000000099e00000, 0x0000000099f00000|  0%| F|  |TAMS 0x0000000099e00000, 0x0000000099e00000| Untracked 
| 415|0x0000000099f00000, 0x0000000099f00000, 0x000000009a000000|  0%| F|  |TAMS 0x0000000099f00000, 0x0000000099f00000| Untracked 
| 416|0x000000009a000000, 0x000000009a000000, 0x000000009a100000|  0%| F|  |TAMS 0x000000009a000000, 0x000000009a000000| Untracked 
| 417|0x000000009a100000, 0x000000009a100000, 0x000000009a200000|  0%| F|  |TAMS 0x000000009a100000, 0x000000009a100000| Untracked 
| 418|0x000000009a200000, 0x000000009a200000, 0x000000009a300000|  0%| F|  |TAMS 0x000000009a200000, 0x000000009a200000| Untracked 
| 419|0x000000009a300000, 0x000000009a300000, 0x000000009a400000|  0%| F|  |TAMS 0x000000009a300000, 0x000000009a300000| Untracked 
| 420|0x000000009a400000, 0x000000009a400000, 0x000000009a500000|  0%| F|  |TAMS 0x000000009a400000, 0x000000009a400000| Untracked 
| 421|0x000000009a500000, 0x000000009a500000, 0x000000009a600000|  0%| F|  |TAMS 0x000000009a500000, 0x000000009a500000| Untracked 
| 422|0x000000009a600000, 0x000000009a600000, 0x000000009a700000|  0%| F|  |TAMS 0x000000009a600000, 0x000000009a600000| Untracked 
| 423|0x000000009a700000, 0x000000009a700000, 0x000000009a800000|  0%| F|  |TAMS 0x000000009a700000, 0x000000009a700000| Untracked 
| 424|0x000000009a800000, 0x000000009a800000, 0x000000009a900000|  0%| F|  |TAMS 0x000000009a800000, 0x000000009a800000| Untracked 
| 425|0x000000009a900000, 0x000000009a900000, 0x000000009aa00000|  0%| F|  |TAMS 0x000000009a900000, 0x000000009a900000| Untracked 
| 426|0x000000009aa00000, 0x000000009aa00000, 0x000000009ab00000|  0%| F|  |TAMS 0x000000009aa00000, 0x000000009aa00000| Untracked 
| 427|0x000000009ab00000, 0x000000009ab00000, 0x000000009ac00000|  0%| F|  |TAMS 0x000000009ab00000, 0x000000009ab00000| Untracked 
| 428|0x000000009ac00000, 0x000000009ac00000, 0x000000009ad00000|  0%| F|  |TAMS 0x000000009ac00000, 0x000000009ac00000| Untracked 
| 429|0x000000009ad00000, 0x000000009ad00000, 0x000000009ae00000|  0%| F|  |TAMS 0x000000009ad00000, 0x000000009ad00000| Untracked 
| 430|0x000000009ae00000, 0x000000009ae00000, 0x000000009af00000|  0%| F|  |TAMS 0x000000009ae00000, 0x000000009ae00000| Untracked 
| 431|0x000000009af00000, 0x000000009af00000, 0x000000009b000000|  0%| F|  |TAMS 0x000000009af00000, 0x000000009af00000| Untracked 
| 432|0x000000009b000000, 0x000000009b000000, 0x000000009b100000|  0%| F|  |TAMS 0x000000009b000000, 0x000000009b000000| Untracked 
| 433|0x000000009b100000, 0x000000009b100000, 0x000000009b200000|  0%| F|  |TAMS 0x000000009b100000, 0x000000009b100000| Untracked 
| 434|0x000000009b200000, 0x000000009b200000, 0x000000009b300000|  0%| F|  |TAMS 0x000000009b200000, 0x000000009b200000| Untracked 
| 435|0x000000009b300000, 0x000000009b300000, 0x000000009b400000|  0%| F|  |TAMS 0x000000009b300000, 0x000000009b300000| Untracked 
| 436|0x000000009b400000, 0x000000009b400000, 0x000000009b500000|  0%| F|  |TAMS 0x000000009b400000, 0x000000009b400000| Untracked 
| 437|0x000000009b500000, 0x000000009b500000, 0x000000009b600000|  0%| F|  |TAMS 0x000000009b500000, 0x000000009b500000| Untracked 
| 438|0x000000009b600000, 0x000000009b600000, 0x000000009b700000|  0%| F|  |TAMS 0x000000009b600000, 0x000000009b600000| Untracked 
| 439|0x000000009b700000, 0x000000009b700000, 0x000000009b800000|  0%| F|  |TAMS 0x000000009b700000, 0x000000009b700000| Untracked 
| 440|0x000000009b800000, 0x000000009b800000, 0x000000009b900000|  0%| F|  |TAMS 0x000000009b800000, 0x000000009b800000| Untracked 
| 441|0x000000009b900000, 0x000000009b900000, 0x000000009ba00000|  0%| F|  |TAMS 0x000000009b900000, 0x000000009b900000| Untracked 
| 442|0x000000009ba00000, 0x000000009ba00000, 0x000000009bb00000|  0%| F|  |TAMS 0x000000009ba00000, 0x000000009ba00000| Untracked 
| 443|0x000000009bb00000, 0x000000009bb00000, 0x000000009bc00000|  0%| F|  |TAMS 0x000000009bb00000, 0x000000009bb00000| Untracked 
| 444|0x000000009bc00000, 0x000000009bc00000, 0x000000009bd00000|  0%| F|  |TAMS 0x000000009bc00000, 0x000000009bc00000| Untracked 
| 445|0x000000009bd00000, 0x000000009bd00000, 0x000000009be00000|  0%| F|  |TAMS 0x000000009bd00000, 0x000000009bd00000| Untracked 

Card table byte_map: [0x00000178fbfc0000,0x00000178fc3c0000] _byte_map_base: 0x00000178fbbc0000

Marking Bits (Prev, Next): (CMBitMap*) 0x00000178f24f6be0, (CMBitMap*) 0x00000178f24f6ba0
 Prev Bits: [0x000001788f000000, 0x0000017891000000)
 Next Bits: [0x00000178fc7c0000, 0x00000178fe7c0000)

Polling page: 0x00000178f2560000

Metaspace:

Usage:
  Non-class:    110.52 MB used.
      Class:     16.72 MB used.
       Both:    127.24 MB used.

Virtual space:
  Non-class space:      128.00 MB reserved,     110.94 MB ( 87%) committed,  2 nodes.
      Class space:        1.00 GB reserved,      17.19 MB (  2%) committed,  1 nodes.
             Both:        1.12 GB reserved,     128.12 MB ( 11%) committed. 

Chunk freelists:
   Non-Class:  128.00 KB
       Class:  14.77 MB
        Both:  14.89 MB

MaxMetaspaceSize: unlimited
CompressedClassSpaceSize: 1.00 GB
Initial GC threshold: 21.00 MB
Current GC threshold: 139.69 MB
CDS: on
MetaspaceReclaimPolicy: balanced
 - commit_granule_bytes: 65536.
 - commit_granule_words: 8192.
 - virtual_space_node_default_size: 8388608.
 - enlarge_chunks_in_place: 1.
 - new_chunks_are_fully_committed: 0.
 - uncommit_free_chunks: 1.
 - use_allocation_guard: 0.
 - handle_deallocations: 1.


Internal statistics:

num_allocs_failed_limit: 6.
num_arena_births: 1402.
num_arena_deaths: 0.
num_vsnodes_births: 3.
num_vsnodes_deaths: 0.
num_space_committed: 2048.
num_space_uncommitted: 0.
num_chunks_returned_to_freelist: 6.
num_chunks_taken_from_freelist: 6526.
num_chunk_merges: 6.
num_chunk_splits: 4408.
num_chunks_enlarged: 3046.
num_inconsistent_stats: 0.

CodeHeap 'non-profiled nmethods': size=120000Kb used=16586Kb max_used=16802Kb free=103413Kb
 bounds [0x0000017887ad0000, 0x0000017888b40000, 0x000001788f000000]
CodeHeap 'profiled nmethods': size=120000Kb used=44956Kb max_used=46371Kb free=75043Kb
 bounds [0x0000017880000000, 0x0000017882da0000, 0x0000017887530000]
CodeHeap 'non-nmethods': size=5760Kb used=1796Kb max_used=1880Kb free=3964Kb
 bounds [0x0000017887530000, 0x00000178877a0000, 0x0000017887ad0000]
 total_blobs=22033 nmethods=21137 adapters=808
 compilation: enabled
              stopped_count=0, restarted_count=0
 full_count=0

Compilation events (20 events):
Event: 621.188 Thread 0x00000178fedd8a20 nmethod 28589 0x00000178888e5e90 code [0x00000178888e68a0, 0x00000178888f0c88]
Event: 621.190 Thread 0x00000178fedd8a20 28617       4       com.android.tools.r8.graph.A3::e (267 bytes)
Event: 621.337 Thread 0x00000178fedd8a20 nmethod 28617 0x000001788893cb10 code [0x000001788893cd40, 0x000001788893e4d8]
Event: 621.337 Thread 0x00000178fedd8a20 28595       4       java.util.HashMap::computeIfAbsent (330 bytes)
Event: 621.421 Thread 0x00000178feddb330 28666 %     3       com.android.tools.r8.internal.Kl::a @ 2125 (3897 bytes)
Event: 621.499 Thread 0x00000178feddb330 nmethod 28666% 0x0000017882d6fe10 code [0x0000017882d71e40, 0x0000017882d8c4a8]
Event: 622.235 Thread 0x00000178feddb330 28676       3       com.android.tools.r8.internal.s8::a (270 bytes)
Event: 622.236 Thread 0x00000178feddb330 nmethod 28676 0x0000017881730890 code [0x0000017881730ba0, 0x0000017881731998]
Event: 622.425 Thread 0x00000178feddb330 28685       3       com.android.tools.r8.ir.optimize.f::a (1235 bytes)
Event: 622.466 Thread 0x00000178feddb330 nmethod 28685 0x00000178828b0f10 code [0x00000178828b1c00, 0x00000178828bb688]
Event: 622.467 Thread 0x00000178feddb330 28688       2       com.android.tools.r8.internal.re::<init> (31 bytes)
Event: 622.467 Thread 0x00000178feddb330 nmethod 28688 0x000001788230cb90 code [0x000001788230cd20, 0x000001788230ce48]
Event: 622.477 Thread 0x00000178feddb330 28689       3       com.android.tools.r8.internal.Kl::a (128 bytes)
Event: 622.477 Thread 0x00000178fedd8a20 nmethod 28595 0x0000017888857610 code [0x0000017888857a60, 0x00000178888603f0]
Event: 622.480 Thread 0x00000178feddb330 nmethod 28689 0x0000017880421510 code [0x00000178804217c0, 0x0000017880422398]
Event: 622.480 Thread 0x00000178fedd8a20 28675 %     4       com.android.tools.r8.ir.regalloc.b::c @ 1865 (4461 bytes)
Event: 622.914 Thread 0x00000178feddb330 28694       2       com.android.tools.r8.internal.M7$$Lambda$2416/0x0000017895092948::apply (20 bytes)
Event: 622.915 Thread 0x00000178feddb330 nmethod 28694 0x00000178822ef110 code [0x00000178822ef2c0, 0x00000178822ef4c8]
Event: 623.084 Thread 0x00000178feddb330 28695 %     2       com.android.tools.r8.internal.fb::a @ 3482 (5041 bytes)
Event: 623.103 Thread 0x00000178feddb330 


GC Heap History (20 events):
Event: 609.069 GC heap after
{Heap after GC invocations=229 (full 0):
 garbage-first heap   total 456704K, used 299959K [0x0000000080000000, 0x0000000100000000)
  region size 1024K, 9 young (9216K), 9 survivors (9216K)
 Metaspace       used 130193K, committed 131136K, reserved 1179648K
  class space    used 17121K, committed 17600K, reserved 1048576K
}
Event: 610.846 GC heap before
{Heap before GC invocations=229 (full 0):
 garbage-first heap   total 456704K, used 400311K [0x0000000080000000, 0x0000000100000000)
  region size 1024K, 107 young (109568K), 9 survivors (9216K)
 Metaspace       used 130238K, committed 131136K, reserved 1179648K
  class space    used 17121K, committed 17600K, reserved 1048576K
}
Event: 610.875 GC heap after
{Heap after GC invocations=230 (full 0):
 garbage-first heap   total 456704K, used 301651K [0x0000000080000000, 0x0000000100000000)
  region size 1024K, 8 young (8192K), 8 survivors (8192K)
 Metaspace       used 130238K, committed 131136K, reserved 1179648K
  class space    used 17121K, committed 17600K, reserved 1048576K
}
Event: 612.316 GC heap before
{Heap before GC invocations=230 (full 0):
 garbage-first heap   total 456704K, used 399955K [0x0000000080000000, 0x0000000100000000)
  region size 1024K, 105 young (107520K), 8 survivors (8192K)
 Metaspace       used 130241K, committed 131136K, reserved 1179648K
  class space    used 17121K, committed 17600K, reserved 1048576K
}
Event: 612.341 GC heap after
{Heap after GC invocations=231 (full 0):
 garbage-first heap   total 456704K, used 301283K [0x0000000080000000, 0x0000000100000000)
  region size 1024K, 8 young (8192K), 8 survivors (8192K)
 Metaspace       used 130241K, committed 131136K, reserved 1179648K
  class space    used 17121K, committed 17600K, reserved 1048576K
}
Event: 614.459 GC heap before
{Heap before GC invocations=231 (full 0):
 garbage-first heap   total 456704K, used 400611K [0x0000000080000000, 0x0000000100000000)
  region size 1024K, 106 young (108544K), 8 survivors (8192K)
 Metaspace       used 130258K, committed 131200K, reserved 1179648K
  class space    used 17121K, committed 17600K, reserved 1048576K
}
Event: 614.476 GC heap after
{Heap after GC invocations=232 (full 0):
 garbage-first heap   total 456704K, used 300555K [0x0000000080000000, 0x0000000100000000)
  region size 1024K, 7 young (7168K), 7 survivors (7168K)
 Metaspace       used 130258K, committed 131200K, reserved 1179648K
  class space    used 17121K, committed 17600K, reserved 1048576K
}
Event: 616.908 GC heap before
{Heap before GC invocations=232 (full 0):
 garbage-first heap   total 456704K, used 402955K [0x0000000080000000, 0x0000000100000000)
  region size 1024K, 106 young (108544K), 7 survivors (7168K)
 Metaspace       used 130280K, committed 131200K, reserved 1179648K
  class space    used 17122K, committed 17600K, reserved 1048576K
}
Event: 616.923 GC heap after
{Heap after GC invocations=233 (full 0):
 garbage-first heap   total 456704K, used 305610K [0x0000000080000000, 0x0000000100000000)
  region size 1024K, 11 young (11264K), 11 survivors (11264K)
 Metaspace       used 130280K, committed 131200K, reserved 1179648K
  class space    used 17122K, committed 17600K, reserved 1048576K
}
Event: 618.496 GC heap before
{Heap before GC invocations=233 (full 0):
 garbage-first heap   total 456704K, used 394698K [0x0000000080000000, 0x0000000100000000)
  region size 1024K, 99 young (101376K), 11 survivors (11264K)
 Metaspace       used 130285K, committed 131200K, reserved 1179648K
  class space    used 17122K, committed 17600K, reserved 1048576K
}
Event: 618.546 GC heap after
{Heap after GC invocations=234 (full 0):
 garbage-first heap   total 456704K, used 322284K [0x0000000080000000, 0x0000000100000000)
  region size 1024K, 13 young (13312K), 13 survivors (13312K)
 Metaspace       used 130285K, committed 131200K, reserved 1179648K
  class space    used 17122K, committed 17600K, reserved 1048576K
}
Event: 620.169 GC heap before
{Heap before GC invocations=234 (full 0):
 garbage-first heap   total 456704K, used 386796K [0x0000000080000000, 0x0000000100000000)
  region size 1024K, 76 young (77824K), 13 survivors (13312K)
 Metaspace       used 130285K, committed 131200K, reserved 1179648K
  class space    used 17122K, committed 17600K, reserved 1048576K
}
Event: 620.229 GC heap after
{Heap after GC invocations=235 (full 0):
 garbage-first heap   total 456704K, used 331471K [0x0000000080000000, 0x0000000100000000)
  region size 1024K, 10 young (10240K), 10 survivors (10240K)
 Metaspace       used 130285K, committed 131200K, reserved 1179648K
  class space    used 17122K, committed 17600K, reserved 1048576K
}
Event: 620.966 GC heap before
{Heap before GC invocations=235 (full 0):
 garbage-first heap   total 456704K, used 386767K [0x0000000080000000, 0x0000000100000000)
  region size 1024K, 64 young (65536K), 10 survivors (10240K)
 Metaspace       used 130288K, committed 131200K, reserved 1179648K
  class space    used 17122K, committed 17600K, reserved 1048576K
}
Event: 621.043 GC heap after
{Heap after GC invocations=236 (full 0):
 garbage-first heap   total 456704K, used 340981K [0x0000000080000000, 0x0000000100000000)
  region size 1024K, 8 young (8192K), 8 survivors (8192K)
 Metaspace       used 130288K, committed 131200K, reserved 1179648K
  class space    used 17122K, committed 17600K, reserved 1048576K
}
Event: 622.164 GC heap before
{Heap before GC invocations=236 (full 0):
 garbage-first heap   total 456704K, used 390133K [0x0000000080000000, 0x0000000100000000)
  region size 1024K, 56 young (57344K), 8 survivors (8192K)
 Metaspace       used 130288K, committed 131200K, reserved 1179648K
  class space    used 17122K, committed 17600K, reserved 1048576K
}
Event: 622.222 GC heap after
{Heap after GC invocations=237 (full 0):
 garbage-first heap   total 456704K, used 348659K [0x0000000080000000, 0x0000000100000000)
  region size 1024K, 7 young (7168K), 7 survivors (7168K)
 Metaspace       used 130288K, committed 131200K, reserved 1179648K
  class space    used 17122K, committed 17600K, reserved 1048576K
}
Event: 622.743 GC heap before
{Heap before GC invocations=237 (full 0):
 garbage-first heap   total 456704K, used 392691K [0x0000000080000000, 0x0000000100000000)
  region size 1024K, 50 young (51200K), 7 survivors (7168K)
 Metaspace       used 130288K, committed 131200K, reserved 1179648K
  class space    used 17122K, committed 17600K, reserved 1048576K
}
Event: 622.782 GC heap after
{Heap after GC invocations=238 (full 0):
 garbage-first heap   total 456704K, used 352668K [0x0000000080000000, 0x0000000100000000)
  region size 1024K, 4 young (4096K), 4 survivors (4096K)
 Metaspace       used 130288K, committed 131200K, reserved 1179648K
  class space    used 17122K, committed 17600K, reserved 1048576K
}
Event: 623.275 GC heap before
{Heap before GC invocations=238 (full 0):
 garbage-first heap   total 456704K, used 394652K [0x0000000080000000, 0x0000000100000000)
  region size 1024K, 45 young (46080K), 4 survivors (4096K)
 Metaspace       used 130291K, committed 131200K, reserved 1179648K
  class space    used 17123K, committed 17600K, reserved 1048576K
}

Deoptimization events (20 events):
Event: 622.559 Thread 0x00000178d9f52600 DEOPT PACKING pc=0x000001788267af66 sp=0x0000001217af8a40
Event: 622.559 Thread 0x00000178d9f52600 DEOPT UNPACKING pc=0x0000017887582b24 sp=0x0000001217af8180 mode 0
Event: 622.626 Thread 0x00000178daef8840 DEOPT PACKING pc=0x0000017882d62b14 sp=0x00000012143f5200
Event: 622.627 Thread 0x00000178daef8840 DEOPT UNPACKING pc=0x0000017887582b24 sp=0x00000012143f4af0 mode 0
Event: 622.692 Thread 0x00000178daef8840 DEOPT PACKING pc=0x000001788238c193 sp=0x00000012143f4b70
Event: 622.692 Thread 0x00000178daef8840 DEOPT UNPACKING pc=0x0000017887582b24 sp=0x00000012143f4208 mode 0
Event: 622.707 Thread 0x00000178daef8840 DEOPT PACKING pc=0x000001788253f9f0 sp=0x00000012143f53f0
Event: 622.707 Thread 0x00000178daef8840 DEOPT UNPACKING pc=0x0000017887582b24 sp=0x00000012143f4ac0 mode 0
Event: 622.894 Thread 0x00000178d9f52600 DEOPT PACKING pc=0x0000017882d63664 sp=0x0000001217af9440
Event: 622.894 Thread 0x00000178d9f52600 DEOPT UNPACKING pc=0x0000017887582b24 sp=0x0000001217af8d38 mode 0
Event: 623.068 Thread 0x00000178d9f51c60 DEOPT PACKING pc=0x0000017882cfa795 sp=0x00000012161f9560
Event: 623.068 Thread 0x00000178d9f51c60 DEOPT UNPACKING pc=0x0000017887582b24 sp=0x00000012161f8e88 mode 0
Event: 623.174 Thread 0x00000178d9f52600 DEOPT PACKING pc=0x0000017882541003 sp=0x0000001217af9630
Event: 623.174 Thread 0x00000178d9f52600 DEOPT UNPACKING pc=0x0000017887582b24 sp=0x0000001217af8d08 mode 0
Event: 623.185 Thread 0x00000178d9f52600 Uncommon trap: trap_request=0xffffffde fr.pc=0x0000017888230294 relative=0x00000000000010b4
Event: 623.185 Thread 0x00000178d9f52600 Uncommon trap: reason=class_check action=maybe_recompile pc=0x0000017888230294 method=com.android.tools.r8.internal.d9.h(I)Lcom/android/tools/r8/internal/b9; @ 48 c2
Event: 623.185 Thread 0x00000178d9f52600 DEOPT PACKING pc=0x0000017888230294 sp=0x0000001217af9230
Event: 623.185 Thread 0x00000178d9f52600 DEOPT UNPACKING pc=0x000001788758239d sp=0x0000001217af9230 mode 2
Event: 623.185 Thread 0x00000178daef8840 DEOPT PACKING pc=0x0000017882d634fd sp=0x00000012143f5200
Event: 623.185 Thread 0x00000178daef8840 DEOPT UNPACKING pc=0x0000017887582b24 sp=0x00000012143f4af0 mode 0

Classes unloaded (0 events):
No events

Classes redefined (0 events):
No events

Internal exceptions (20 events):
Event: 614.388 Thread 0x00000178d9f52600 Exception <a 'sun/nio/fs/WindowsException'{0x0000000095ea1188}> (0x0000000095ea1188) 
thrown [s\open\src\hotspot\share\prims\jni.cpp, line 516]
Event: 614.497 Thread 0x00000178d9f51c60 Exception <a 'sun/nio/fs/WindowsException'{0x000000009bdd57c8}> (0x000000009bdd57c8) 
thrown [s\open\src\hotspot\share\prims\jni.cpp, line 516]
Event: 614.658 Thread 0x00000178d9f50450 Exception <a 'sun/nio/fs/WindowsException'{0x000000009ada0ee0}> (0x000000009ada0ee0) 
thrown [s\open\src\hotspot\share\prims\jni.cpp, line 516]
Event: 615.127 Thread 0x00000178d9f52600 Exception <a 'sun/nio/fs/WindowsException'{0x0000000099cb3288}> (0x0000000099cb3288) 
thrown [s\open\src\hotspot\share\prims\jni.cpp, line 516]
Event: 615.308 Thread 0x00000178daef8840 Exception <a 'sun/nio/fs/WindowsException'{0x000000009982ba60}> (0x000000009982ba60) 
thrown [s\open\src\hotspot\share\prims\jni.cpp, line 516]
Event: 615.435 Thread 0x00000178d9f50450 Exception <a 'sun/nio/fs/WindowsException'{0x00000000997c96a0}> (0x00000000997c96a0) 
thrown [s\open\src\hotspot\share\prims\jni.cpp, line 516]
Event: 615.494 Thread 0x00000178d9f51c60 Exception <a 'sun/nio/fs/WindowsException'{0x000000009946bd98}> (0x000000009946bd98) 
thrown [s\open\src\hotspot\share\prims\jni.cpp, line 516]
Event: 615.559 Thread 0x00000178d9f50450 Exception <a 'sun/nio/fs/WindowsException'{0x00000000990767e0}> (0x00000000990767e0) 
thrown [s\open\src\hotspot\share\prims\jni.cpp, line 516]
Event: 615.932 Thread 0x00000178daef8840 Exception <a 'sun/nio/fs/WindowsException'{0x0000000098695a80}> (0x0000000098695a80) 
thrown [s\open\src\hotspot\share\prims\jni.cpp, line 516]
Event: 616.073 Thread 0x00000178d9f51c60 Exception <a 'sun/nio/fs/WindowsException'{0x0000000097867420}> (0x0000000097867420) 
thrown [s\open\src\hotspot\share\prims\jni.cpp, line 516]
Event: 616.502 Thread 0x00000178daef8840 Exception <a 'sun/nio/fs/WindowsException'{0x00000000967a8648}> (0x00000000967a8648) 
thrown [s\open\src\hotspot\share\prims\jni.cpp, line 516]
Event: 616.514 Thread 0x00000178d9f50450 Exception <a 'sun/nio/fs/WindowsException'{0x0000000096afe138}> (0x0000000096afe138) 
thrown [s\open\src\hotspot\share\prims\jni.cpp, line 516]
Event: 616.556 Thread 0x00000178d9f50450 Exception <a 'sun/nio/fs/WindowsException'{0x00000000965e4cb0}> (0x00000000965e4cb0) 
thrown [s\open\src\hotspot\share\prims\jni.cpp, line 516]
Event: 616.659 Thread 0x00000178d9f50450 Exception <a 'sun/nio/fs/WindowsException'{0x0000000095f06430}> (0x0000000095f06430) 
thrown [s\open\src\hotspot\share\prims\jni.cpp, line 516]
Event: 616.926 Thread 0x00000178d9f50450 Exception <a 'sun/nio/fs/WindowsException'{0x000000009bd83310}> (0x000000009bd83310) 
thrown [s\open\src\hotspot\share\prims\jni.cpp, line 516]
Event: 617.190 Thread 0x00000178d9f50450 Exception <a 'sun/nio/fs/WindowsException'{0x000000009bddfdc0}> (0x000000009bddfdc0) 
thrown [s\open\src\hotspot\share\prims\jni.cpp, line 516]
Event: 617.273 Thread 0x00000178d9f50450 Exception <a 'sun/nio/fs/WindowsException'{0x000000009b2fdfb0}> (0x000000009b2fdfb0) 
thrown [s\open\src\hotspot\share\prims\jni.cpp, line 516]
Event: 617.596 Thread 0x00000178daef8840 Exception <a 'sun/nio/fs/WindowsException'{0x000000009ab9ead8}> (0x000000009ab9ead8) 
thrown [s\open\src\hotspot\share\prims\jni.cpp, line 516]
Event: 617.662 Thread 0x00000178d9f52600 Exception <a 'sun/nio/fs/WindowsException'{0x000000009a9b2190}> (0x000000009a9b2190) 
thrown [s\open\src\hotspot\share\prims\jni.cpp, line 516]
Event: 618.088 Thread 0x00000178d9f51c60 Exception <a 'sun/nio/fs/WindowsException'{0x000000009895fb40}> (0x000000009895fb40) 
thrown [s\open\src\hotspot\share\prims\jni.cpp, line 516]

VM Operations (20 events):
Event: 616.806 Executing VM operation: G1CollectForAllocation done
Event: 616.908 Executing VM operation: G1CollectForAllocation
Event: 616.924 Executing VM operation: G1CollectForAllocation done
Event: 617.936 Executing VM operation: Cleanup
Event: 617.938 Executing VM operation: Cleanup done
Event: 618.495 Executing VM operation: G1CollectForAllocation
Event: 618.547 Executing VM operation: G1CollectForAllocation done
Event: 619.555 Executing VM operation: Cleanup
Event: 619.938 Executing VM operation: Cleanup done
Event: 620.169 Executing VM operation: G1CollectForAllocation
Event: 620.233 Executing VM operation: G1CollectForAllocation done
Event: 620.965 Executing VM operation: G1CollectForAllocation
Event: 621.056 Executing VM operation: G1CollectForAllocation done
Event: 622.077 Executing VM operation: Cleanup
Event: 622.147 Executing VM operation: Cleanup done
Event: 622.163 Executing VM operation: G1CollectForAllocation
Event: 622.225 Executing VM operation: G1CollectForAllocation done
Event: 622.722 Executing VM operation: G1CollectForAllocation
Event: 622.786 Executing VM operation: G1CollectForAllocation done
Event: 623.270 Executing VM operation: G1CollectForAllocation

Events (20 events):
Event: 616.257 Thread 0x00000178fedf1900 flushing nmethod 0x000001788289e390
Event: 616.257 Thread 0x00000178fedf1900 flushing nmethod 0x00000178828ae410
Event: 616.257 Thread 0x00000178fedf1900 flushing nmethod 0x00000178828bff10
Event: 616.257 Thread 0x00000178fedf1900 flushing nmethod 0x00000178828dcc10
Event: 616.257 Thread 0x00000178fedf1900 flushing nmethod 0x00000178828dd110
Event: 616.258 Thread 0x00000178fedf1900 flushing nmethod 0x0000017882922090
Event: 616.258 Thread 0x00000178fedf1900 flushing nmethod 0x000001788293a190
Event: 616.258 Thread 0x00000178fedf1900 flushing nmethod 0x0000017882953390
Event: 616.258 Thread 0x00000178fedf1900 flushing nmethod 0x000001788299b490
Event: 616.259 Thread 0x00000178fedf1900 flushing nmethod 0x00000178829aec10
Event: 616.259 Thread 0x00000178fedf1900 flushing nmethod 0x00000178829be310
Event: 616.259 Thread 0x00000178fedf1900 flushing nmethod 0x00000178829c9d10
Event: 616.259 Thread 0x00000178fedf1900 flushing nmethod 0x0000017882a02210
Event: 616.259 Thread 0x00000178fedf1900 flushing nmethod 0x0000017882a02e90
Event: 616.260 Thread 0x00000178fedf1900 flushing nmethod 0x0000017882a6b610
Event: 616.261 Thread 0x00000178fedf1900 flushing nmethod 0x0000017882b32790
Event: 616.261 Thread 0x00000178fedf1900 flushing nmethod 0x0000017882b59710
Event: 616.261 Thread 0x00000178fedf1900 flushing nmethod 0x0000017882b64910
Event: 616.261 Thread 0x00000178fedf1900 flushing nmethod 0x0000017882b88790
Event: 616.262 Thread 0x00000178fedf1900 flushing nmethod 0x0000017882bc3210


Dynamic libraries:
0x00007ff685da0000 - 0x00007ff685db0000 	C:\Program Files\Java\jdk-17.0.19\bin\java.exe
0x00007ffa246d0000 - 0x00007ffa248e7000 	C:\WINDOWS\SYSTEM32\ntdll.dll
0x00007ffa24460000 - 0x00007ffa24524000 	C:\WINDOWS\System32\KERNEL32.DLL
0x00007ffa21af0000 - 0x00007ffa21ec3000 	C:\WINDOWS\System32\KERNELBASE.dll
0x00007ffa219a0000 - 0x00007ffa21ab1000 	C:\WINDOWS\System32\ucrtbase.dll
0x00007ff9f51b0000 - 0x00007ff9f51c9000 	C:\Program Files\Java\jdk-17.0.19\bin\jli.dll
0x00007ffa24370000 - 0x00007ffa24421000 	C:\WINDOWS\System32\ADVAPI32.dll
0x00007ffa23030000 - 0x00007ffa230d7000 	C:\WINDOWS\System32\msvcrt.dll
0x00007ff9f5190000 - 0x00007ff9f51ae000 	C:\Program Files\Java\jdk-17.0.19\bin\VCRUNTIME140.dll
0x00007ffa22400000 - 0x00007ffa224a8000 	C:\WINDOWS\System32\sechost.dll
0x00007ffa21ac0000 - 0x00007ffa21ae8000 	C:\WINDOWS\System32\bcrypt.dll
0x00007ffa225c0000 - 0x00007ffa226d4000 	C:\WINDOWS\System32\RPCRT4.dll
0x00007ffa22810000 - 0x00007ffa229c1000 	C:\WINDOWS\System32\USER32.dll
0x00007ffa22110000 - 0x00007ffa22136000 	C:\WINDOWS\System32\win32u.dll
0x00007ffa229d0000 - 0x00007ffa229f9000 	C:\WINDOWS\System32\GDI32.dll
0x00007ffa21f50000 - 0x00007ffa2206b000 	C:\WINDOWS\System32\gdi32full.dll
0x00007ffa22070000 - 0x00007ffa2210a000 	C:\WINDOWS\System32\msvcp_win.dll
0x00007ffa00cb0000 - 0x00007ffa00f48000 	C:\WINDOWS\WinSxS\amd64_microsoft.windows.common-controls_6595b64144ccf1df_6.0.22621.5124_none_270e8f4f7386d69d\COMCTL32.dll
0x00007ffa18850000 - 0x00007ffa1885a000 	C:\WINDOWS\SYSTEM32\VERSION.dll
0x00007ffa236d0000 - 0x00007ffa23701000 	C:\WINDOWS\System32\IMM32.DLL
0x00007ffa1b210000 - 0x00007ffa1b21c000 	C:\Program Files\Java\jdk-17.0.19\bin\vcruntime140_1.dll
0x00007ff9daa50000 - 0x00007ff9daadd000 	C:\Program Files\Java\jdk-17.0.19\bin\msvcp140.dll
0x00007ff992290000 - 0x00007ff992e75000 	C:\Program Files\Java\jdk-17.0.19\bin\server\jvm.dll
0x00007ffa24430000 - 0x00007ffa24438000 	C:\WINDOWS\System32\PSAPI.DLL
0x00007ff9f1d10000 - 0x00007ff9f1d19000 	C:\WINDOWS\SYSTEM32\WSOCK32.dll
0x00007ffa22790000 - 0x00007ffa22801000 	C:\WINDOWS\System32\WS2_32.dll
0x00007ffa1b2d0000 - 0x00007ffa1b304000 	C:\WINDOWS\SYSTEM32\WINMM.dll
0x00007ffa20810000 - 0x00007ffa20828000 	C:\WINDOWS\SYSTEM32\kernel.appcore.dll
0x00007ffa07f30000 - 0x00007ffa07f3a000 	C:\Program Files\Java\jdk-17.0.19\bin\jimage.dll
0x00007ffa1f190000 - 0x00007ffa1f3c2000 	C:\WINDOWS\SYSTEM32\DBGHELP.DLL
0x00007ffa22bb0000 - 0x00007ffa22f42000 	C:\WINDOWS\System32\combase.dll
0x00007ffa22f50000 - 0x00007ffa23027000 	C:\WINDOWS\System32\OLEAUT32.dll
0x00007ff9edc00000 - 0x00007ff9edc32000 	C:\WINDOWS\SYSTEM32\dbgcore.DLL
0x00007ffa21920000 - 0x00007ffa2199b000 	C:\WINDOWS\System32\bcryptPrimitives.dll
0x00007ff9f84c0000 - 0x00007ff9f84cf000 	C:\Program Files\Java\jdk-17.0.19\bin\instrument.dll
0x00007ff9eb390000 - 0x00007ff9eb3b6000 	C:\Program Files\Java\jdk-17.0.19\bin\java.dll
0x00007ff9da970000 - 0x00007ff9daa47000 	C:\Program Files\Java\jdk-17.0.19\bin\jsvml.dll
0x00007ffa23960000 - 0x00007ffa241f6000 	C:\WINDOWS\System32\SHELL32.dll
0x00007ffa217e0000 - 0x00007ffa2191f000 	C:\WINDOWS\System32\wintypes.dll
0x00007ffa1f700000 - 0x00007ffa2001a000 	C:\WINDOWS\SYSTEM32\windows.storage.dll
0x00007ffa24260000 - 0x00007ffa2436a000 	C:\WINDOWS\System32\SHCORE.dll
0x00007ffa24620000 - 0x00007ffa24683000 	C:\WINDOWS\System32\shlwapi.dll
0x00007ffa21710000 - 0x00007ffa2173b000 	C:\WINDOWS\SYSTEM32\profapi.dll
0x00007ff9e5bb0000 - 0x00007ff9e5bc8000 	C:\Program Files\Java\jdk-17.0.19\bin\zip.dll
0x00007ff9f1b50000 - 0x00007ff9f1b6b000 	C:\Program Files\Java\jdk-17.0.19\bin\net.dll
0x00007ffa1a7d0000 - 0x00007ffa1a8fc000 	C:\WINDOWS\SYSTEM32\WINHTTP.dll
0x00007ffa20c90000 - 0x00007ffa20cfa000 	C:\WINDOWS\system32\mswsock.dll
0x00007ff9ea7e0000 - 0x00007ff9ea7f6000 	C:\Program Files\Java\jdk-17.0.19\bin\nio.dll
0x00007ffa05160000 - 0x00007ffa05170000 	C:\Program Files\Java\jdk-17.0.19\bin\verify.dll
0x00007ff9daee0000 - 0x00007ff9daf07000 	C:\Users\User\.gradle\native\c067742578af261105cb4f569cf0c3c89f3d7b1fecec35dd04571415982c5e48\windows-amd64\native-platform.dll
0x00007ff9c0210000 - 0x00007ff9c0354000 	C:\Users\User\.gradle\native\38dada09dfb8b06ba9b0570ebf7e218e3eb74d4ef43ca46872605cf95ebc2f47\windows-amd64\native-platform-file-events.dll
0x00007ffa1b270000 - 0x00007ffa1b27a000 	C:\Program Files\Java\jdk-17.0.19\bin\management.dll
0x00007ffa051e0000 - 0x00007ffa051ec000 	C:\Program Files\Java\jdk-17.0.19\bin\management_ext.dll
0x00007ffa20ee0000 - 0x00007ffa20efb000 	C:\WINDOWS\SYSTEM32\CRYPTSP.dll
0x00007ffa20770000 - 0x00007ffa207a7000 	C:\WINDOWS\system32\rsaenh.dll
0x00007ffa20d80000 - 0x00007ffa20da8000 	C:\WINDOWS\SYSTEM32\USERENV.dll
0x00007ffa20f00000 - 0x00007ffa20f0c000 	C:\WINDOWS\SYSTEM32\CRYPTBASE.dll
0x00007ffa202c0000 - 0x00007ffa202ed000 	C:\WINDOWS\SYSTEM32\IPHLPAPI.DLL
0x00007ffa23720000 - 0x00007ffa23729000 	C:\WINDOWS\System32\NSI.dll
0x00007ffa1a6f0000 - 0x00007ffa1a709000 	C:\WINDOWS\SYSTEM32\dhcpcsvc6.DLL
0x00007ffa1a6d0000 - 0x00007ffa1a6ef000 	C:\WINDOWS\SYSTEM32\dhcpcsvc.DLL
0x00007ffa20340000 - 0x00007ffa20442000 	C:\WINDOWS\SYSTEM32\DNSAPI.dll
0x00007ffa052c0000 - 0x00007ffa052ce000 	C:\Program Files\Java\jdk-17.0.19\bin\sunmscapi.dll
0x00007ffa22140000 - 0x00007ffa222a7000 	C:\WINDOWS\System32\CRYPT32.dll
0x00007ffa210a0000 - 0x00007ffa210cd000 	C:\WINDOWS\SYSTEM32\ncrypt.dll
0x00007ffa21060000 - 0x00007ffa21097000 	C:\WINDOWS\SYSTEM32\NTASN1.dll
0x00007ff9f5350000 - 0x00007ff9f5358000 	C:\WINDOWS\system32\wshunix.dll
0x00007ffa082d0000 - 0x00007ffa082da000 	C:\Windows\System32\rasadhlp.dll
0x00007ffa172a0000 - 0x00007ffa17323000 	C:\WINDOWS\System32\fwpuclnt.dll
0x00007ff9dd5f0000 - 0x00007ff9dd607000 	C:\WINDOWS\system32\napinsp.dll
0x00007ff9dd5d0000 - 0x00007ff9dd5eb000 	C:\WINDOWS\system32\pnrpnsp.dll
0x00007ff9dd5b0000 - 0x00007ff9dd5c1000 	C:\WINDOWS\System32\winrnr.dll
0x00007ff9ec490000 - 0x00007ff9ec4a5000 	C:\WINDOWS\system32\wshbth.dll
0x00007ff9dd580000 - 0x00007ff9dd5a7000 	C:\WINDOWS\system32\nlansp_c.dll
0x00007ffa20920000 - 0x00007ffa20954000 	C:\WINDOWS\SYSTEM32\ntmarta.dll

dbghelp: loaded successfully - version: 4.0.5 - missing functions: none
symbol engine: initialized successfully - sym options: 0x614 - pdb path: .;C:\Program Files\Java\jdk-17.0.19\bin;C:\WINDOWS\SYSTEM32;C:\WINDOWS\WinSxS\amd64_microsoft.windows.common-controls_6595b64144ccf1df_6.0.22621.5124_none_270e8f4f7386d69d;C:\Program Files\Java\jdk-17.0.19\bin\server;C:\Users\User\.gradle\native\c067742578af261105cb4f569cf0c3c89f3d7b1fecec35dd04571415982c5e48\windows-amd64;C:\Users\User\.gradle\native\38dada09dfb8b06ba9b0570ebf7e218e3eb74d4ef43ca46872605cf95ebc2f47\windows-amd64

VM Arguments:
jvm_args: --add-opens=java.base/java.util=ALL-UNNAMED --add-opens=java.base/java.lang=ALL-UNNAMED --add-opens=java.base/java.lang.invoke=ALL-UNNAMED --add-opens=java.prefs/java.util.prefs=ALL-UNNAMED --add-opens=java.base/java.nio.charset=ALL-UNNAMED --add-opens=java.base/java.net=ALL-UNNAMED --add-opens=java.base/java.util.concurrent.atomic=ALL-UNNAMED -Xmx2048m -Dfile.encoding=UTF-8 -Duser.country=ID -Duser.language=en -Duser.variant -javaagent:C:\Users\User\.gradle\wrapper\dists\gradle-8.5-rc-4-bin\8qkil5tuyz2r7e6qlrrzsthoe\gradle-8.5-rc-4\lib\agents\gradle-instrumentation-agent-8.5.jar 
java_command: org.gradle.launcher.daemon.bootstrap.GradleDaemon 8.5-rc-4
java_class_path (initial): C:\Users\User\.gradle\wrapper\dists\gradle-8.5-rc-4-bin\8qkil5tuyz2r7e6qlrrzsthoe\gradle-8.5-rc-4\lib\gradle-launcher-8.5.jar
Launcher Type: SUN_STANDARD

[Global flags]
     intx CICompilerCount                          = 3                                         {product} {ergonomic}
     uint ConcGCThreads                            = 1                                         {product} {ergonomic}
     uint G1ConcRefinementThreads                  = 4                                         {product} {ergonomic}
   size_t G1HeapRegionSize                         = 1048576                                   {product} {ergonomic}
    uintx GCDrainStackTargetSize                   = 64                                        {product} {ergonomic}
   size_t InitialHeapSize                          = 132120576                                 {product} {ergonomic}
   size_t MarkStackSize                            = 4194304                                   {product} {ergonomic}
   size_t MaxHeapSize                              = 2147483648                                {product} {command line}
   size_t MaxNewSize                               = 1287651328                                {product} {ergonomic}
   size_t MinHeapDeltaBytes                        = 1048576                                   {product} {ergonomic}
   size_t MinHeapSize                              = 8388608                                   {product} {ergonomic}
    uintx NonNMethodCodeHeapSize                   = 5832780                                {pd product} {ergonomic}
    uintx NonProfiledCodeHeapSize                  = 122912730                              {pd product} {ergonomic}
    uintx ProfiledCodeHeapSize                     = 122912730                              {pd product} {ergonomic}
    uintx ReservedCodeCacheSize                    = 251658240                              {pd product} {ergonomic}
     bool SegmentedCodeCache                       = true                                      {product} {ergonomic}
   size_t SoftMaxHeapSize                          = 2147483648                             {manageable} {ergonomic}
     bool UseCompressedClassPointers               = true                           {product lp64_product} {ergonomic}
     bool UseCompressedOops                        = true                           {product lp64_product} {ergonomic}
     bool UseG1GC                                  = true                                      {product} {ergonomic}
     bool UseLargePagesIndividualAllocation        = false                                  {pd product} {ergonomic}

Logging:
Log output configuration:
 #0: stdout all=warning uptime,level,tags
 #1: stderr all=off uptime,level,tags

Environment Variables:
CLASSPATH=C:\Users\User\OneDrive\Dokumen\RizkiFiles\exambro_paramarta\\gradle\wrapper\gradle-wrapper.jar
PATH=C:/Users/User/.gemini/antigravity-ide/bin;C:\Program Files (x86)\Common Files\Oracle\Java\javapath;C:\WINDOWS\system32;C:\WINDOWS;C:\WINDOWS\System32\Wbem;C:\WINDOWS\System32\WindowsPowerShell\v1.0\;C:\WINDOWS\System32\OpenSSH\;C:\Program Files\nodejs\;C:\ProgramData\chocolatey\bin;C:\Program Files\Git\cmd;C:\ffmpeg\bin;C:\Users\User\.local\bin;C:\Users\User\AppData\Local\Microsoft\WindowsApps;C:\Users\User\AppData\Local\Programs\Microsoft VS Code\bin;C:\Users\User\AppData\Local\Microsoft\WinGet\Packages\Schniz.fnm_Microsoft.Winget.Source_8wekyb3d8bbwe;C:\Users\User\AppData\Roaming\npm;C:\Users\User\AppData\Local\bin\NASM;C:\Program Files\qemu;C:\Users\User\AppData\Local\Programs\Antigravity IDE\bin
USERNAME=User
OS=Windows_NT
PROCESSOR_IDENTIFIER=Intel64 Family 6 Model 122 Stepping 1, GenuineIntel



---------------  S Y S T E M  ---------------

OS:
 Windows 11 , 64 bit Build 22621 (10.0.22621.5124)
OS uptime: 6 days 22:29 hours

CPU: total 4 (initial active 4) (4 cores per cpu, 1 threads per core) family 6 model 122 stepping 1 microcode 0x36, cx8, cmov, fxsr, mmx, 3dnowpref, sse, sse2, sse3, ssse3, sse4.1, sse4.2, popcnt, tsc, tscinvbit, aes, erms, clmul, sha, clflush, clflushopt

Memory: 4k page, system-wide physical 8011M (233M free)
TotalPageFile size 23160M (AvailPageFile size 116M)
current process WorkingSet (physical memory assigned to process): 490M, peak: 520M
current process commit charge ("private bytes"): 902M, peak: 1022M

vm_info: Java HotSpot(TM) 64-Bit Server VM (17.0.19+9-LTS-183) for windows-amd64 JRE (17.0.19+9-LTS-183), built on Mar 11 2026 01:59:45 by "mach5run" with MS VC++ 17.13 (VS2022)

END.
